userName,score,content,at
Fajar Arsyad,5,sangat bagus buat komunikasi,2026-06-17 05:44:00
Rasmini Utami,5,Oke👌🏻,2026-06-17 05:43:04
kolifnursasongko kentut,5,"puas tp hrs hati""",2026-06-17 05:42:39
Reza Fahlepi,5,slalu berjaya,2026-06-17 05:42:01
Adi Muhardi,5,💪,2026-06-17 05:41:14
Alfa Tih,5,sangat membantu untuk komunikasi cuma sering kena spam,2026-06-17 05:41:10
Abdan Syakur,5,"apk ini udah mulai buat nyediain fitur premiumnya yg disebut whatsapp pluss, kedepannya saya harap untuk tidak menghilangkan fitur fitur yg udah ada dan tolong untuk jangan di premiumkan, sekian terimakasih",2026-06-17 05:40:01
Arbaiyah Arbaiyah,3,baik,2026-06-17 05:38:14
Alkhansa,3,ini kenapa tidak ada centang biru padahal saya tidak mematikan laporan dibaca dan begitu pula orang yang saya chat,2026-06-17 05:37:36
Maya Y,5,sangat bagus,2026-06-17 05:36:43
vandemrikus C l ria,5,mntap,2026-06-17 05:34:12
F Cs,5,Whatsapp sangat bermanfaat untuk berkomunikasi antar kota,2026-06-17 05:32:37
Ibucicih,5,Ibu cicih Suka sukur,2026-06-17 05:32:11
ella ART,1,"kok pas mau masukin nomor, tiba tiba layar nya gk bisa di tekan sama sskali?? padahal aplikasi yg lain bisa?",2026-06-17 05:31:45
Akun Free Fire,1,benerin tuh bug suara gak keluar pas bikin status,2026-06-17 05:29:52
Lamini Nayla,5,baik,2026-06-17 05:29:26
kucing jengatt,1,gajelas dah masa gak spam kena blokir,2026-06-17 05:28:54
Tri yanto,5,aplikasi nya sangat membantu sekali,2026-06-17 05:27:03
Qaisa Rahumaira,5,ppo,2026-06-17 05:26:37
Sitiaisyah Realmec15,4,gak bisa di download wa busines,2026-06-17 05:26:26
Elan Sanjaya,5,bagus💗💗💗💗💗💗,2026-06-17 05:25:50
Uly Sihombing,5,"sangat membatu untuk cell sama keluarga yang jauh.saya sangat berterima kasi,pada aplikasi ini.selalu sukses.amin",2026-06-17 05:25:40
Surya Suryadi,5,bagus,2026-06-17 05:24:42
Tom Naldi,5,Ok,2026-06-17 05:23:38
Si Kabayan Ulin,5,Bagus,2026-06-17 05:22:16
Feri Ngongo,5,bagus sekali👍,2026-06-17 05:21:12
Reza Steven,5,bagus lah meta ai nya juga bagus bisa di jadiin babu buat ngerjain pr,2026-06-17 05:18:46
Are Are,5,mantap,2026-06-17 05:18:18
Mas Gondrong,5,saya percaya sama gopay,2026-06-17 05:17:05
Dimas Byanz Asriel,2,"selamat siang, kenapa ya setiap kali saya menerima panggilan gruop. selalu keluar sendiri terjadi kendala apa ya. mohon solusinya",2026-06-17 05:12:18
Zihan Atha Zhafira,1,"kenapa chat yg sudah pernah di sematkan, trs sematnya di lepas pas mau di arsipkan tidak bisa.",2026-06-17 05:11:05
Rahmat Inte,5,Mantap,2026-06-17 05:11:03
elyumna collection,5,Mantap,2026-06-17 05:10:49
Yhonas Yupupada,5,aplikasinya suka di blokir oleh perusahannya,2026-06-17 05:07:47
Hendra Hermawan,5,Luar biasa bisa dua akun,2026-06-17 05:07:37
Alfa Nuri,5,mengapa menutup sendiri padahal sudah update rutin?,2026-06-17 05:06:37
Indah Mustika,5,sangat membantu,2026-06-17 05:04:03
Hanii Srii kartini,5,bagus,2026-06-17 05:02:39
joseph raharjo,5,Saya suka whatsApp karena bisa mengirim pesan ke grup dan menelpon dengan biaya lebih murah. Tetapi hari ini mengapa ikon/ cookies saya hilang sehingga tidak bisa berkomunikasi dengan Whatsapps?,2026-06-17 05:00:45
Sho leh,5,Gooooooooddd 👍👍👍👍,2026-06-17 05:00:25
Sarci Bureni,5,tolong aktifkan,2026-06-17 04:58:30
Yeri mus,5,sangat bagus,2026-06-17 04:58:13
Uwong 1922,1,terlalu banyak update nya,2026-06-17 04:58:02
Triaynto Prian,1,kadang pesan delay/gak lgsg terkirim,2026-06-17 04:56:26
Sait Alang,5,bagus dan sangat membantu,2026-06-17 04:55:57
FARIDATUL ULA,1,kenapa setiap saya mengunduh WhatsApp selalu ke blokir dan kena spam saya sudah beberapa kali ganti kartu 🥺,2026-06-17 04:50:44
Andries Angkouw,5,mantap,2026-06-17 04:48:07
Roby Roby,5,sangat bagus,2026-06-17 04:47:35
rafaghino 333,5,sangatt baikk aplikasi nyaaaaaaaa,2026-06-17 04:45:46
Syahrizal Ijal,5,"watsap bagus sekalii bintang lima karna sepanjang hari saya di temani whatsaap,tapi kekurangannya kenapa saya udah aktifkan efek vc tapi gak muncul di vc,udah melakukan seribu cara tapi GK bisa",2026-06-17 04:43:43
Redmi Sayaa,4,whatsapp membuat saya menjadi lebih byak tmen,2026-06-17 04:42:16
Rafi Akbar,5,baik,2026-06-17 04:40:44
barang haja,5,bisa Chatan sama my crush,2026-06-17 04:40:43
adriani kambojo,5,belom punya penggalaman,2026-06-17 04:40:12
Vino Ganteng,5,berguna,2026-06-17 04:39:55
Mhd Ali,5,aku suka,2026-06-17 04:39:41
Qisya Azzahra,5,Bagus sekali Aplikasi nya👍,2026-06-17 04:39:40
Andara kania Salsabila,5,bagus,2026-06-17 04:34:04
Aldi Nugraha,5,cukup baik,2026-06-17 04:33:46
Raditya Dirga,5,warawiri,2026-06-17 04:33:04
Kadek Restu,5,Kadek RESTU 22,2026-06-17 04:32:35
Adzkia Syaquina,5,sangat berguna dan bagus,2026-06-17 04:32:03
Apil Daus,4,mantap jlas...,2026-06-17 04:30:36
Reza,5,mantap,2026-06-17 04:29:52
I Dah,1,lda,2026-06-17 04:28:10
Asuse Zenl2,1,saya tidak bisa menginstal WhatsApp ini,2026-06-17 04:26:59
Donald P Sitorus,3,kontak whatapp yang sudah disimpan hilang sekalipun sudah di singkronisasi ke perangkat.,2026-06-17 04:26:55
Ezra Ariandi nazara,5,mantap,2026-06-17 04:24:50
Izza AfkarinaS,4,kenapa tiba2 gk bisa masuk,2026-06-17 04:23:50
Putra Wiguna,5,baik,2026-06-17 04:23:14
Laura asunta Luturmas,5,Sekolah Sekolah,2026-06-17 04:23:13
Kangkup Osen,5,kangku k,2026-06-17 04:22:19
Ivan Ananda,2,"Bintang 2 dulu, kenapa chat saya dibatasi? padahal ini nomor baru menggunakan kartu Hallo.",2026-06-17 04:19:26
Iqbal Pratama,5,bagus,2026-06-17 04:19:02
Billy Jamuntak,1,"kebanyak silang merah, padahal kartu masih baru, gak jelas ngabisin duit, semoga di jaman canggih ini ada apk yang bisa ganti nih apk",2026-06-17 04:18:38
Rano Rano,5,bagus,2026-06-17 04:16:56
Abdul Gani,2,"whatsApp bagus sihh tapi saya ga suka karena penyimpanan saya penuhh selalu update terus tolong jangan terlalu sering update yang tidakk pentingg tidak semuaa orangg penyimpanan nyaa luas,kirain uda di kasi saran gini berhenti update ternyata menjadi""",2026-06-17 04:16:51
Nur Ilma Juwita,5,sangat baik,2026-06-17 04:16:38
motor,1,kebijan wa sekarang sangat merugikan,2026-06-17 04:15:32
Aril Master77,1,tidak hd,2026-06-17 04:14:54
Zain Udin,5,aku bisa chatan sama teman yg aku cintai,2026-06-17 04:13:19
karyadi hasan,3,baik,2026-06-17 04:12:29
Sutari Mintarto,5,baguss,2026-06-17 04:12:11
Eko Budiono,5,semangat tambah jaya slalu,2026-06-17 04:11:45
FERY MANIK,5,Aplikasi terbaik sepanjang masaa..,2026-06-17 04:08:46
Mindar Cartix,5,ok lah,2026-06-17 04:07:45
Tssuki Rengat,5,kenapa 2 no hp saya terblokir admin sya susah untuk info kerja dri kwan tolong lh admin ap kendala no wA sya terblokir,2026-06-17 04:06:53
Ragil jagat,5,baik,2026-06-17 04:05:25
Alivia,1,gw gk bisa donwload,2026-06-17 04:05:04
Ismilatul Jannah,5,sangat baguss,2026-06-17 04:04:30
Reka Setiawati,5,terimakasih,2026-06-17 04:03:40
Wahyu Sujariyahya,4,Peroses instal saat update begitu cukup lama,2026-06-17 04:03:31
Akram Hamizam,1,aplikasi tolol banyak bug,2026-06-17 04:03:30
Icha Inara,5,bgus. bisa ngobrol ama tmn.,2026-06-17 04:02:54
Dariyati Dariyati,5,"lumayan bagus buat komunikasi,,",2026-06-17 04:02:36
wa Samia,4,kenapa saya sudah menDownload aplikasi whatsapp resmi nya baru di saya kenapa aplikasinya ga jadi,2026-06-17 04:01:44
Nita Laelasari,5,bintang 5 sangat bagus,2026-06-17 04:01:14
Indra Saputra,5,nah gitu mantap WhatsApp enak masuk wa nya,2026-06-17 03:59:59
Nanda Ilham,1,"aplikasiii gajelass, aku cht cewe pada ga dibaless",2026-06-17 03:58:32
Joker Inthebox,3,"untuk sementara bintang 3 cukup ya,Kalau tambah bagus baru nanti ditambah lagi",2026-06-17 03:56:46
Sugi Ambyank,4,apk nya sangat membantu trmksh,2026-06-17 03:55:21
M farhan,1,"aplikasi sangat buruk, nomor saya dibatasi padahal baru daftar",2026-06-17 03:53:50
Gya Halford,5,very good!,2026-06-17 03:52:03
Darsikun Alfarizy,3,kenapa saya tidak bisa mendaftar,2026-06-17 03:48:25
Ahmad Hafizd,1,sering kenon padahal ga ngapa²in tiba² di tinjau,2026-06-17 03:46:56
Septiana Dwi Cahya,5,"kenapa akun saya di batasi, padahal saya tidak pernah melanggar ketentuan yang tidak wajar, saya mau ajukan banding tolong akun saya di kembalikan seperti semula, biar bisa chat obrolan di WhatsApp. terimakasih",2026-06-17 03:46:33
Nang abar Maulana,5,aku tidak bisa lagi bisa,2026-06-17 03:44:56
"Edi Aswan, SH., MH Advokat",5,Mantap sangat mempermudah,2026-06-17 03:43:28
rednote 4 rednote 4,5,Mantap,2026-06-17 03:43:23
Muqaddam,4,sangat 👍bagus,2026-06-17 03:42:26
MUHAMMAD TAK YUDIN,3,ko wtsapp nya gk bisa di gunakan,2026-06-17 03:41:16
Rejeki Dari Tuhan,5,josss,2026-06-17 03:41:00
Nanangyusuf Yusuf1922,1,akun Whatsapp saya dalam 3 hari sudah 4 kli di tinjau mohon di bantu untuk menyelesaikan masalah ini,2026-06-17 03:38:06
Hendra Junaidi,4,LAMA BGT KALO TENTANG UPDATE UPDATE,2026-06-17 03:36:32
Yogapratomo Andriantoro,5,Ok,2026-06-17 03:36:28
erika febriana krusma,4,kok gk bisa buat nelfon atau ngirim pesan suara ini salah nya dimana no telfon apa gimana sih,2026-06-17 03:34:43
Merlin Herlina 1109,5,terimakasih,2026-06-17 03:33:11
Farhan 123,1,saya chat orang kok gak di bales ya,2026-06-17 03:32:12
johan susanto,5,bagus,2026-06-17 03:30:37
ホルスの王,1,please remove gif picture search that is not appropiate for children.,2026-06-17 03:30:21
RIENDRA,5,BAGUS BISA MENGABARIN FAMILY ATAU ORANG LAIN..👍,2026-06-17 03:29:41
Herlinda Linda,5,bagus,2026-06-17 03:28:24
zulfan arfadia,5,tingkatkan lagi.,2026-06-17 03:26:36
Rudi Rumayar,5,"ini kenapa setiap saya lagi telponan tiba tiba telefon mati padahal sinyal kita bagus gaada yang jelek dan anehnya telefon ku sering banget mati,pls benerin dong, soalnya nanti kalau ada yang minta bantuan sambil cerita panjang terus tiba tiba telefon mati sendiri itu gimana? aku jadinya ga nyaman kalau telponan",2026-06-17 03:23:42
Teguh Suwadi,5,bagus,2026-06-17 03:23:04
Asep Asep,4,apk nya sru bisa komunikasi sma org luar and ak bisa dpet cwo yg byik,2026-06-17 03:22:04
Masbung Lumpur,3,"Tolong untuk pengaturan utama di kembalikan semula tentang hapus data/reset aplikasi,karena sangat membantu bagi pengguna.",2026-06-17 03:21:32
Khalisa Abidah,3,hp aku ga ada efek telpon,2026-06-17 03:21:11
Megan,1,"buruk. sistem keamanan yang buruk, verifikasi login gagal, whatsapp sangat lemah. akun hampir di bobol masuk dan terus saja mendapat peninjauan padahal saya tidak melakukan hal yang mencurigakan. begitu peninjauan sudah selesai, saat ingin verifikasi login menggunakan telepon tak terjawab, telepon tidak muncul. so bad.",2026-06-17 03:20:51
dani 1945,5,😈😈,2026-06-17 03:20:32
Surya Darma,5,mantap..💥,2026-06-17 03:17:50
saktisatriasakha hikari hozey,5,Mantap,2026-06-17 03:17:00
Ikano M,5,baik,2026-06-17 03:16:35
Anggit Prastowo aji,5,sangat sangat berguna sekali 👍👍👍👍👍👍👍👍👍,2026-06-17 03:16:15
Bolean Silalahi,4,"Pertahankan fasilitas yg sdh tersedia dan selalu berusaha, berinovasi utk meningkatkan kualitas produk. Good Luck Always ya. Terimakasih.",2026-06-17 03:15:58
Telaga Nursery,5,ok,2026-06-17 03:15:55
Hen,5,Bagus lah,2026-06-17 03:15:30
Rajo Sulaiman,5,permainannya bodoh,2026-06-17 03:11:26
Naziiha Putri,5,"tolong di wa adalin fitur live dongg tanpa ada aturan², pliss bgt cm buat senang²ajaa",2026-06-17 03:08:22
Hadi Unilever Hadi Unilever,5,ai nya pelupa tapi gapapa,2026-06-17 03:06:38
Gusde Bangli,5,good,2026-06-17 03:06:28
Salamun 26,1,rekting nya burukk,2026-06-17 03:06:22
Pesanggrahan ilmu hikmah,5,aplikasi bagus dan mantap,2026-06-17 03:05:20
Haikal Akbar,5,mantap,2026-06-17 03:02:38
Semon Lebak,1,sdh update masih tak bisa di bukak,2026-06-17 03:01:16
Kalista AndMama,5,kasi filter wa saya,2026-06-17 03:00:22
Seniman Channel papeda,1,"parah deposit masuk e lama,,pdhl pakai qris",2026-06-17 02:59:10
Ahmad Solahudin,5,ok bagus,2026-06-17 02:58:57
suayah rhusin,5,rekomendasi,2026-06-17 02:58:45
Selvy Arfah,5,nga bisa login masuk wa sya pake nmor wa sya,2026-06-17 02:57:07
Agung Kurniawansyah,5,jangan gunakan aplikasi taik ini sering ke blokir gua sebagai kurir paket kecewa ketika saya chat costumer selalu di blokir gmna saya bisa kerja kalok begini ngentod wa,2026-06-17 02:54:58
uhuy,5,Aplikasi ini sangat berguna untuk saya,2026-06-17 02:51:29
abid Aqila,5,"aplikasi yg bagus sekali, tapi kenapa wa saya bug? dan mental mental sendiri dan keluar sendiri, udah saya login berkali kali tapi tetap mental, tolong perbaiki.",2026-06-17 02:51:15
Agnes Luli,5,sangat membantu saya😊,2026-06-17 02:49:36
Asu Asu,5,mantap,2026-06-17 02:43:24
Salima Azka,3,bagus jga sih,2026-06-17 02:42:52
Abu Gibran,5,bagus sekarang mirip telegram,2026-06-17 02:40:54
Naura Magda,5,"Bagus, aku bisa chatting dengan keluarga dan temanku",2026-06-17 02:40:10
iccang Cecep,5,"WhatsApp adalah komunikasi yang efektif dan berguna bagi masyarakat Tapi mohon Akun saya di aktifkan kembali karna selama ini setiap buka WhatsApp,Akun saya tidak bisa lagi menggunakan WhatsApp karena spam.Mohon di tinjau kembali Akun WhatsApp saya.Terimakasih",2026-06-17 02:39:04
Sriwahyuni,5,ok,2026-06-17 02:36:20
nadyaa nadzz86,5,"whatsapp makin bagus, tambah fitur sorotan dong😻😻",2026-06-17 02:34:24
Ton No,5,sangat penting yg pake hp androit,2026-06-17 02:34:21
Syafiq Alfairus0099,5,ok,2026-06-17 02:34:02
Absen Aul!,1,kenapa di blokir akun aku,2026-06-17 02:33:54
Ihsan Hadiwijaya,4,Ok,2026-06-17 02:27:53
Novri Rahmad,1,gw kasih bintang satu karena gak ada shiroko di ai studio masih lebih bagus poly buzz paham!!,2026-06-17 02:27:50
Muhammad Farid,5,bagus,2026-06-17 02:26:48
Muna Lolita Silalahi,5,"I've been using WhatsApp for years and it has never disappointed me. The app is simple, reliable, and makes it easy to stay connected with family, friends, and colleagues. Voice and video calls are clear, and the messaging features keep getting better.",2026-06-17 02:26:37
Wandy Allaypea89,5,semoga semakin jauh lebih 👍👍👍,2026-06-17 02:25:57
Hanifah Zati Sajidah,4,"mau request ya, pengen banget ada fitur arsip dari story-story yg habis kita posting, biar nanti kesimpen dan bisa kita lihat ulang, story apa aja yang udh kita buat dan di sertain tahun, bulan, tgl, sma hari kapannya kita post story itu, terimakasih 🤍",2026-06-17 02:25:43
Farhan Arya putra Farhan,4,kurang untuk saluran nya,2026-06-17 02:25:32
Mas Dirman,5,nice,2026-06-17 02:24:21
Mulyani saja,5,bagus,2026-06-17 02:23:47
Zaskia Zahra,5,ini adalah aplikasi yang dapat berhubungan ke aplikasi lain,2026-06-17 02:22:20
Jamal Jamal,4,revarevi,2026-06-17 02:20:52
Nyoman Agus Sumerawan,5,good,2026-06-17 02:20:09
baihaqikhaizan03,5,mantap kali aaaaa,2026-06-17 02:20:01
Thoriq Furniture,5,bagus,2026-06-17 02:17:41
Sahat tanjung Tanjung,5,Wa ok,2026-06-17 02:16:56
Amiliya Riski,5,"pacar gua selingkuh,gua kira dia minta chatan di ig terus itu karna wa diaa gaa kena, ternyata di wa nyaa adaa selingkuhan nyaa......",2026-06-17 02:15:22
Amang Selti,4,Sangat Memuaskan,2026-06-17 02:15:21
Kang Goib,1,LumYan lama ...udah di downlod gitu lagi,2026-06-17 02:13:35
Setia Citra,1,jelek bab1,2026-06-17 02:12:11
araa raa,5,bagus,2026-06-17 02:11:35
Roni Malau,5,Mantap,2026-06-17 02:05:55
Nur Magfiroh,5,sangat mempermudah dalam sgala hal,2026-06-17 02:04:47
Adi pewe,5,ok,2026-06-17 02:04:29
Alvaro Grm,5,pp bagus,2026-06-17 02:03:45
arshaka,1,"nomer kenon trus gajelas amat,wa APUS aja itu",2026-06-17 02:02:28
Ibrahim Kampong,3,suara hilang sa'at vidio coll,2026-06-17 02:01:01
LIONA LOVINA CHANNEL,2,"seringkali terjadi error, chat hilang semua, dan fitur grup juga sering error, sering muncul notifikasi ""terjadi masalah pada WhatsApp"" tolong di perbaiki.",2026-06-17 02:00:13
Pangastuti Rahayu,5,info berita aesuai fakta.,2026-06-17 02:00:11
Ryannluvyy.official,3,"buat kayk yang dlua ajah astghh, di tambh update tambh banyak banget yang error",2026-06-17 01:57:34
Miftahul Huda,4,Kerenn,2026-06-17 01:55:24
Djatieh Waluyoh,4,nmer blum bisa d daftarkan,2026-06-17 01:54:55
Dita Dinda,5,sangat membantu dna bekerja dengan baik dlm kehidupan sehari hari kita,2026-06-17 01:54:45
Almira Putri,4,anj,2026-06-17 01:54:30
Beni Official,4,"WhatsApp ini udah seperti makanan pokok, dibutuhkan setiap saat",2026-06-17 01:54:27
Yurnis Rivai,2,"Meta AI di WhatsApp sudah bagus dan tapi yang paling tidak aku suka adalah di bagian setiap aku menulis kalimat cerita fiksi di Meta AI nya kadang tidak nyambung dan kaku dan Maksud aku gini saran aku Meta AI di whatsapp di bikin bebas bercerita fisik seperti dulu tetapi asal keamaan Whatsapp tetap di utaman di jaga ketat dan""Tolong bikin Meta AI Whatsapp bisa kreatif lagi seperti dulu dan nyambung untuk nulis cerita fiksi. Keamanan tetap penting dan aku mohon di perbaiki seperti dulu terimakasi",2026-06-17 01:53:41
Hasri,5,bagus banget,2026-06-17 01:52:45
Ade Chasmad S.,5,mempermudah dalam komunikasi,2026-06-17 01:52:44
Rey faldi2006,5,oke,2026-06-17 01:52:06
Hari Fandi,4,oh lo l oo ol lo oo 9o l,2026-06-17 01:51:53
Yogi Panji,4,"bagus,lancar tapi suka lemot sinyalnya",2026-06-17 01:51:33
Hermanto Herman (Herman),5,"Bagus , , , 👍",2026-06-17 01:50:40
Ayudia Salsabila,4,"tolonglah perbaiki grapik nya ya🥹,pas mau post video/foto ke sw/ngirim ke org,malah jelek+piksel2 grapiknya,jadi tolong di perbaiki ya:)",2026-06-17 01:50:34
RONI RAMADHAN,5,Apa Arti kadaluarsa,2026-06-17 01:48:43
Selfius Dareho,5,mantap,2026-06-17 01:45:59
Teguh Endang,5,suka,2026-06-17 01:43:05
Jack,5,oke,2026-06-17 01:42:48
Setia hati trate Cah trate,4,bagus,2026-06-17 01:37:19
Ajeng Nilamurti,5,nice app,2026-06-17 01:35:54
Ayat Wahyudi,5,ok,2026-06-17 01:34:26
Irfan hi abd salam Opan,5,baik,2026-06-17 01:33:41
athaya khairan faeyza,2,"sekarang whatsapp mulai p2w dah baru tau ada ""whatsapp plus"" katanya bisa mengubah ringtone padahal bisa ganti di settingan aj tolng dihapus aj",2026-06-17 01:28:14
Ersyn Tobi,4,Aplikasi sangat membantu,2026-06-17 01:27:28
Ceilo Alfata,3,kalo buat status selalu durasi nya pendek,2026-06-17 01:24:56
Een Een,5,bagus,2026-06-17 01:24:18
Muzi Gudabak,5,Mantap,2026-06-17 01:22:57
T Long,5,mantap,2026-06-17 01:22:41
Qis,5,BAGUSS .BANGETTT ANJAYYYY 🫰🙂,2026-06-17 01:22:27
Dndj,5,sangat ketergantungan sekarang untuk komunikasi memakai WhatsApp,2026-06-17 01:16:36
Ahmad Sholeh,2,perbaiki fitur prangkat pendamping bagian scan krna banyakk masalah login yang invalid,2026-06-17 01:15:47
Imel Situmorang,2,"jujur aku kasih bintang 2 kalo ku bukan ancaman . eaakkk ... nah ini tuh apk keknya rusak di gua dehh. masa aku chat nya senin ga di balas² sampe skrg? ctg 2 loh padahal ... oke fine dia ga like sama aku oke fine thx, tapi pernah gak ready????",2026-06-17 01:14:10
Rohanah,5,"keren banget sih, tadinya GK bisa di pakai sekarang udah bisa, meskipun sebelumnya tidak mendukung HP jadul😘",2026-06-17 01:13:17
Reynaa Andrea,1,Web jadi susah dan berat sekali. Mengecewakan.,2026-06-17 01:11:31
Lautan Cahaya darmanto,5,very goood,2026-06-17 01:10:04
Dheanisa,2,"TOLONG perbaiki lagi,saya sudah beberapa kali diblokir padahal sy tidak ngapa ngapain,,pas verivikasi malah muncul WhatsApp tidak resmi,,SAYA SUDAH PAKE YANG RESMI LALU HARUS PAKE WHATSAPP MANA LAGI?,, perbaiki lagi kerusakan kerusakan tersebut!",2026-06-17 01:09:26
Richard Saputra,3,tidak bisa angkat tlp teman luar,2026-06-17 01:09:05
Yanuar M,5,👍👍👍👍,2026-06-17 01:08:50
Andri Kurniawan,5,saya suka layanan whatsap,2026-06-17 01:08:00
rizx4you,4,lumyan bagus tapi kenapa gampang kenonaktif,2026-06-17 01:05:05
Us Naen,5,good,2026-06-17 01:04:00
Angga Buyug,4,bagus,2026-06-17 01:03:49
Muhammad Anis,1,Gak bisa di gunakan lagi gimana ini tolong secepat nya di pebaikin,2026-06-17 01:02:56
pratama motor palembang pratama motor palembang,1,Ada masalah download,2026-06-17 01:01:02
Ni Kadek Vita Maytri Dhamayanthi,1,penuh memori,2026-06-17 00:56:54
bams hariyono,3,inkra insert apps,2026-06-17 00:56:52
Nyoman Rata,5,bagus,2026-06-17 00:55:28
Muhammad Hafiz,5,Apk inih sangat membantu,2026-06-17 00:54:41
abi raya,5,apk bagus dan bermanfaat,2026-06-17 00:53:37
Gunawan,5,oke,2026-06-17 00:50:23
Karomah Karomahh,5,mantap,2026-06-17 00:48:56
Reni nesi,5,aplikasi sangat bagus untuk di gunakan,2026-06-17 00:48:48
Srii Hono,5,ok,2026-06-17 00:45:12
Taufiq Hidayat,2,"nonton story jadi ribettttt,kadang kepencet emot",2026-06-17 00:43:58
Salsa Billa,5,tolong dong jangan sering ngebug wa saya 🙋,2026-06-17 00:43:54
Nely Hidayatin,5,𝘩𝘵𝘵𝘱𝘴://𝘷𝘵.𝘵𝘪𝘬𝘵𝘰𝘬.𝘤𝘰𝘮/𝘡𝘚𝘘𝘨𝘬𝘢𝘋𝘰𝘩/,2026-06-17 00:43:27
Windra Azis,5,"kenapa sekarang banyak bug nya? setiap ngirim pesan tidak terkirim, ini sangat mengganggu pekerjaan!",2026-06-17 00:43:24
Erga Saputra,5,sangat bagus,2026-06-17 00:41:08
eva munira,5,tolong kembalikan semua kontak yang ada d dalamnya sebelumnya,2026-06-17 00:40:57
hanum yazid,2,kadang kena kenon trus capek gituin nya,2026-06-17 00:38:32
Ahmad Amanda,1,nomor teman-teman saya mudah hilang,2026-06-17 00:37:13
Cahyaningsih Cahyaningsih,3,Agak ngeleg,2026-06-17 00:36:52
Mm Vita,5,terbaik,2026-06-17 00:32:53
Ambar Sukamdi,3,masih baru,2026-06-17 00:31:24
Marta Wijaya,5,Bagus,2026-06-17 00:29:44
Fatir Dwi Kurniawan,5,sangat berguna,2026-06-17 00:29:25
Dita Dablenk,5,bagus,2026-06-17 00:27:42
Dymas tulus pribadi,3,"oke keren, tapi sayangnya ini nyedot baterai terlalu banyak, aku Benci tolong pihak developer kasih saran atau perbaikan masalahnya segera, terimakasih.",2026-06-17 00:27:24
Ayu Ra,5,"min sekedar saran aja nih ya, buat update an selanjutnya bisa kali adain fitur arsip story kaya ig gitu, kali aja ada no nya yang dari tahun 2022 masi belum ganti dan mau liat liat storynya dulu, sekedar saran aja😁",2026-06-17 00:24:01
Sunardi bibit channel,5,oke siap,2026-06-17 00:21:55
Engki Engki,5,Bagus,2026-06-17 00:20:44
Komang Rangga,3,kok meta AI nya nggak jawab?,2026-06-17 00:19:12
ikhwanu Akhya,5,okee sii,2026-06-17 00:18:04
Raihan Han,5,bagus sekali untuk berkomunikasi,2026-06-17 00:15:44
Nur Baiti,5,trmksh wa ...mantab,2026-06-17 00:11:20
rayazahirah,5,gatau intinya bagus,2026-06-17 00:10:15
virgo girls girls,3,kenapa saat login loading terus dr smlm Ampe sekarang 😭,2026-06-17 00:09:55
Bowo Handoko,5,top,2026-06-17 00:04:23
Icha Margaretha,4,setiap kali kirim video kualitasnya kelewatan banget jadi jelek huhu bisa gak sih lebih dimudahkan lagi lebih di oke in lagi supaya kalau misal mau kirim² video itu kualitasnya gak diķurangin separah itu ribet kalau mesti harus diedit² mulu,2026-06-17 00:03:48
Rima Yuriza,5,kenapa Whatsap udah saya instal tapi belum bisa ke buka ya,2026-06-17 00:03:37
Squishy Zahsy,5,keren,2026-06-17 00:03:02
Dirza Pratama,1,wa ku gak bisa masuk ke hp ini dan susah,2026-06-17 00:02:53
TelmaWaty Tatuhe,5,menyukai,2026-06-17 00:01:52
iqbal nurfaqih,1,"WA GA DI APA IN TIBA TIBA KENA BANNED, TRUS PAS LOGIN LGI MALAHAD TULISAN LOGIN TIDAK TERSEDIA, SKRG WA SCAM SYSTEM",2026-06-16 23:59:55
Youra Kahfi,1,"parah!!! tau2 keluar sendiri, tiba2 org lain yg bales , bisa di salah gunakan ini , tolong hapus lah fitur yg gak jelas!",2026-06-16 23:58:48
Def Zega,5,mantap,2026-06-16 23:58:36
Khaerul Anam,5,good,2026-06-16 23:57:52
Ardi Saputra,5,"sebenarnya gua g bisa ngasih bintang 5 tapi karena gua pengguna lama banget jadi gua kasih oh ya untuk fitur blokir pesan nya itu jangan diadain lgi dong masa aku kirim pesan siaran 50 pesan lebih udah ke blok g bisa ngirim pesan ke temen"" lagi mana nunggu 24jam lagi baru bisa kirim""an pesan lagi",2026-06-16 23:53:54
Abah Adi,5,aplikasi yang penting untuk kepentingan semua,2026-06-16 23:49:41
Pangkras Kies,5,sangat baik dan cocok,2026-06-16 23:48:44
Yenyen Oke,5,bagusss,2026-06-16 23:48:32
Ita Linda,5,bagus,2026-06-16 23:47:34
jirim koplak,5,sangat puas,2026-06-16 23:47:15
Tarti Ifari,5,mantap,2026-06-16 23:45:28
Febri Istiana,5,apk ini tuh membantu bangetttt,2026-06-16 23:44:22
Tiara Tiara,5,lumayan,2026-06-16 23:43:11
Hendra Agunesta,4,salam sukses selalu,2026-06-16 23:42:05
Syukmanetti Tanjung,5,whatsAap sangat membantu dalam berkomunikasi.,2026-06-16 23:38:19
Rizka Rizka,5,mantap,2026-06-16 23:37:02
Wa Tere,5,Mantap,2026-06-16 23:33:38
Mely Ervini,5,Mantap,2026-06-16 23:33:04
Nana Hasna,5,b aja si,2026-06-16 23:32:36
Enjel Spy,1,whatsaap ngebug,2026-06-16 23:32:35
Abdul Hamid,5,Ok,2026-06-16 23:30:06
M Z,4,"Secara keseluruhan fiturnya sudah mulai bagus, tapi ada satu fitur yang dari lama banyak orang nantikan, yaitu tolong tambah fitur hapus pengikut saluran dongg, dan tambahkan fitur saluran privat (bukan publik), jadi tidak sembarangan orang bisa follow. Terus yang kedua fitur arsip story dan sorotan, Itu sangat berguna lohh, terima kasihh",2026-06-16 23:26:07
Toadc Taodc,5,Ok,2026-06-16 23:25:46
Hafidz AM,4,sngt bagus,2026-06-16 23:22:27
Ethos Doank,5,"aku sangat suka WhatsApp dari dulu sampai saat ini, jadi aku kasi lima bintang, kereen",2026-06-16 23:18:49
PEMUDA ETANAN,1,aplikasi jembot nggak ngapa-ngapain tiba tiba di blokir,2026-06-16 23:13:44
Salsa Bila,5,bagus,2026-06-16 23:13:35
Pengguna Google,5,Ook,2026-06-16 23:13:16
NurApriliaUtariGuntur,4,membaca pesan,2026-06-16 23:08:55
Asep Ngabrett,4,mantap👍,2026-06-16 23:07:37
Suriana Gende ede,5,"sangat diperlukan info ini , terutama bagi para guru dan dosen",2026-06-16 23:04:07
Maesya Ulfi,5,mempermudah komunikasi,2026-06-16 23:02:50
Azzahra Jahra,5,bgus,2026-06-16 23:02:27
Tatang Hidayat,3,aku punya dua akun malah hilang 1😭 sayang banget pdahal banyak chat penting',2026-06-16 23:02:25
Adi Nurrohim,2,masa WhatsApp abdet terus setiap bulan,2026-06-16 23:00:46
Muhammad Fauzi,4,bagus bisa berbicara dengan teman tapi pas saya baru buka stiker kok banyak stiker yqng sesatnya jadi gak nyaman,2026-06-16 22:59:40
YAYAN HUNAWA,5,hoyakopimahalehula,2026-06-16 22:58:30
Ade Kakak,4,tolong dong fitur draf cheh nya di pulih kan. susah bnget ngeceht nya,2026-06-16 22:55:51
Muhammad Arga pratama,5,"bgs bisa berkomunikasi dengn keluarga jauh,saudara,and teman",2026-06-16 22:55:20
Irwan Kamil,5,app yg bagus,2026-06-16 22:55:12
Rachmad Fajri,5,bagus,2026-06-16 22:54:44
Vhito Vito,1,Ga memuaskan nomor gw sering ke blokir trs baru juga beli,2026-06-16 22:54:38
M.Rusli Nonci,3,bagus tapi kenapa nggk ada update ny,2026-06-16 22:51:50
Masni Maharin,5,bagus,2026-06-16 22:50:42
Tajuddin Tarru,5,mantap semoga lebih baik dan maju terus,2026-06-16 22:48:36
David de jesus,5,👌,2026-06-16 22:48:30
Ningsi Nn,5,Baik,2026-06-16 22:48:12
Atikah Nur Azizah,2,ATKIAH,2026-06-16 22:46:13
Rif Dan,5,jgn d persulit,2026-06-16 22:45:13
Michael Voldigoad,4,Kenapa dikit² kenon sih min padahal cuma nambahin member kedalam grup tapi kenon sampe 6x capek min,2026-06-16 22:41:29
Putri Oktober,5,aplikasinya sangat bagus walaupun terkadang error,2026-06-16 22:41:03
Ii Nasai,5,godd,2026-06-16 22:36:26
Cikalong Wetan,5,sangat bagus,2026-06-16 22:28:37
agung simanjuntak,5,"Reliable messaging app with clear calls and simple features. I use it every day for chatting, sharing files, and staying connected with friends and family.",2026-06-16 22:28:18
Cinta Laura,1,"gimana sih ini, saya ingin login WhatsApp katanya aplikasi tidak resmi padahal yg saya download aplikasi resmi, tolong dongg tim WhatsApp",2026-06-16 22:25:28
Nikita Julianti,5,enak bisa telponan vc kita ldr an juga kita disa vc di whatsap ini,2026-06-16 22:25:18
mujiono 4020,5,berikhtiar sebaik mungkin untuk meraih kemuliaan,2026-06-16 22:21:30
Salwa,5,Aku Download ini karena untuk telepon sama teman,2026-06-16 22:17:09
anto bado,5,"baru mencoba belum bisa memberi ulasan, semoga bisa bermanfaat saja",2026-06-16 22:16:47
Eri_ 2582,1,WA GW NGELAG TANPA ALESAN SETAN JAHAT BGT GW BARU BUKA WA PAGI-PAGI MALAH LOADING GAK JELAS APSIHH 😔,2026-06-16 22:16:08
Ba moyo Bamoyo,5,insyaalloh yakin seyakin2 nya,2026-06-16 22:14:20
Olivia Cantika,5,mantapp,2026-06-16 22:14:06
Kayla Kaylu,5,bagus,2026-06-16 22:13:59
Nurul Kamilah,1,"kenapa si wa suka ada ""pemelihara aplikasi sedang berlangsung"" mana lama banget, mau aku pake lagi, udah di update di gimana gimanain juga tetep kaya gini",2026-06-16 22:08:06
saroji,5,tolong WhatsApp di aktifkan ke hp resmi note 5pro Jagan di blokir,2026-06-16 22:07:33
Djengkar Mahestri,3,"kenapa sejak update, kalau telpon tiba tiba mati sendiri atau bunyi tut tut habis itu mati padahal jaringan bagus aja berkali kali kek gini",2026-06-16 22:05:57
Khanza Azzahra,5,ada permasalahan,2026-06-16 21:53:43
Muhammad Hafiz,1,meminta kode kga Muncuo muncul,2026-06-16 21:50:18
paida hek ba dou,1,"udah download di play store tapi pas mau login tapi di suruh""download WhatsApp messenger esmi""",2026-06-16 21:49:29
Julia Kurniawati,5,whatsapp membantu saya dalam berkomunikasi dengan teman2 saya dan orang2 pŕofesional lainnya,2026-06-16 21:47:56
Faria Babai,5,sangt bngus,2026-06-16 21:46:48
Sulaiman Calvin GAMING,5,sangat mudah dan membantu,2026-06-16 21:36:50
Ahmad Alviansyah,4,sangat mudah dimengerti,2026-06-16 21:31:33
Bebep iky,5,wa ip,2026-06-16 21:26:16
Ismail Siis,5,Bagus banget,2026-06-16 21:24:51
Edi Sutadi,5,apakah whatsapp bisa di pc,2026-06-16 21:21:51
Duka Saha,1,kenapa masukin nomor merah trus di lapor masih merah,2026-06-16 21:20:50
Sus Wanto,4,keren sangat baik,2026-06-16 21:11:32
Zia,5,baguss banget kalau wa ini ilang rasanya dunia gua hancurrr,2026-06-16 21:08:31
Didik Pratikno,1,Terlalu sering peninjauan & pembokiran akun jika tidak di benahi mungkin banyak pengguna akan pindah ke lain aplikasi,2026-06-16 21:06:21
Adil Kiemas,5,SANGAT BAGUS,2026-06-16 21:05:18
SyaaCia07,4,gada yang ngechat bodo amat ah,2026-06-16 21:04:12
Konex Maha,5,ok,2026-06-16 21:00:35
Yuniza Niza,5,mengembalikan akun,2026-06-16 20:53:36
Aden Zulfiadi,5,"ulasan publik, lihat selengkapnya.",2026-06-16 20:52:21
Wawan,5,lapan beurita siang,2026-06-16 20:46:35
Haikal Rahman,1,gak jelas ni apk masa di saluran ngejam giliran di pribadi enggak udah restart hp masih aja ngejam benerin dong bug beginian bikin risih,2026-06-16 20:41:35
Miaferlin Mia,1,"saya sangat kecewa karena saya tidak melakukan kesalahan apapun atau spam tiba"" keblokir benar"" kecewa sekali isi dalam akun itu bisa di bilang lebih dari kata penting apa gunanya kalo whatsApp kaya gini jujur saya ingin kembalikan akun saya",2026-06-16 20:39:01
Muhammad Rusid,2,pelaut,2026-06-16 20:36:47
kasih,1,"coba ini apk nya di perbaiki lagi dong astaga mau sampe kapan seperti ini terus, setiap mau bikin status selalu aja jadi burem padahal udah di hd in dari apk, update doang tapi dari dulu kalo bikin status selalu jelek ga pernah ada perkembangan kocak nih apk, vitur udah banyak tapi coba sesekali perbaiki hal sepele nya ini dongg",2026-06-16 20:34:59
Pejuang Rupiah (Pekerjakeras),5,mantap 👍👍👍,2026-06-16 20:24:02
asep Solihin,5,Kok ngga tampil dilAyar,2026-06-16 20:20:47
Raka prtama,2,"masih kurang detail di bagian kunci chat, padahal udah beli premium masih aja ada detail yang kurang dari kunci chat, tolong lebih detail buat pembaruannya, jangan asal buat premium tapi masih ada detail yang kurang dan jelek",2026-06-16 20:20:36
Tidja2 Family,5,very good aps,2026-06-16 20:15:28
Sapapa Sapapa,4,sapar,2026-06-16 20:13:34
Muniah Tingkir,2,Asik,2026-06-16 20:13:11
Muhamad Sarvan tri putra Tri putra,5,keren kalo WhatsApp digabung dengan Dola ai,2026-06-16 20:08:34
Budiono Jumhari,5,bagus,2026-06-16 20:00:11
Ilham Ramadhani,1,kena spam mulu,2026-06-16 19:49:46
Ganda Ldr,5,Oky,2026-06-16 19:45:13
Samsu Maulana,5,bagus.,2026-06-16 19:35:08
Aji Sakala,5,cepat praktis the best,2026-06-16 19:23:11
Robi Ade,5,mksi,2026-06-16 19:22:18
Tuti Ratna Ningsi Tuti,5,ok,2026-06-16 19:21:06
Kholil Nurrohman,5,😀,2026-06-16 19:21:01
Mae Sumarna,1,tidak bisa login alasannya belum resmi pdhl udh d download uninstall gitu terus ttp ga bisa tolong di permudah,2026-06-16 19:19:40
Bang Ahay,1,Bagus,2026-06-16 19:09:00
Pengguna Google,5,opsional,2026-06-16 19:08:49
kaisar bijak,5,sangat senang sekali,2026-06-16 19:04:58
Rof'iyah Oke,4,Jgn dihapus dari perangkat ku dong 😩😩😩,2026-06-16 19:00:11
Martinus Wawiyai,5,saya sangat senang sekali untuk menonton disnek video,2026-06-16 18:50:50
Hambak Lfmy,5,sangat baik,2026-06-16 18:48:39
Neza Apriani,4,jadi lh atu,2026-06-16 18:48:10
Gea Putri,5,Ok,2026-06-16 18:47:48
hani sukresna,3,"Setelah aktifkan wa plus,hapus chat langsung hapus obrolan,biasanya ada pilihannya,media di hapus apa engga gitu,sekarang langsung hapus obrolan,jadi foto,video dll yang di send teman langsung hilang semua",2026-06-16 18:41:18
slamet riyadi,5,Ok,2026-06-16 18:34:23
Priska Kinanthi,4,"hapus fitur 3 emoji di status , merepotkan kalo salah pencet.",2026-06-16 18:34:04
Rian Permana,1,"apa sekarang WhatsApp harus premium ihhh plis jangan aneh aneh, udah banyak loh pengguna WhatsApp, apalagi pasti di setiap device punya apk ini tapi sekarang harus premium, gak suka banget aku uninstall deh kalo fitur premium nya gak di ilangin :(",2026-06-16 18:32:41
Puspa Alika,1,"Tidak berguna aplikasi dancok, masak gw ngechet gk pernah di bales",2026-06-16 18:26:33
Feri Munawar,5,sangat bermanfaat whatsapp,2026-06-16 18:26:28
Amelia Hidayatullah,5,"bagus. cuma saya pengen dapet punya teman virtual tapi malah ga dapet terus, tapi bagus kok, saya aslinya introvert tpi klo di WhatsApp ini saya tidak, karna saya extrovert di sosial media hehe, temanan dengan saya yuk, kalau mau dm aja ya🤓🙏🏻",2026-06-16 18:23:02
Azzahara Chairunisa,5,semua pasti yang terbaik menurut Allah Amiin..,2026-06-16 18:20:49
Dimas Prayoga321,5,ok,2026-06-16 18:17:41
Askan Pawwas,4,saya coba dulua,2026-06-16 18:13:38
oki ki,5,sangat membantu,2026-06-16 18:08:40
Adi Kusuma,5,bagus bagus,2026-06-16 18:07:30
Irwan Siringoringo,5,supaya jgn sering di-update in,2026-06-16 17:57:48
Hp Samsung A06,5,ok,2026-06-16 17:54:56
Nanang Priyanto,5,baik,2026-06-16 17:50:45
ARILOVA,1,"saat upload video walaupun kualitas Udah hd hasilnya malah pecah dan blur, kualitasnya jadi buruk.... masa di jaman smartphone yang sudah canggih ini sistem kompresi WhatsApp masih sejelek ini tolong perbaiki segera!!!!!!!!!! sangat menjengkelkan",2026-06-16 17:49:37
Masropah Sapitri,4,"aku mohon tolong versi yang dulu di kembalikan, jangan versi sekarang. kita sebagai jual nomor ke orang buat daftar ke whatsApp malahan terblokir langsung. karena saya seorang penjual kartu seluler, jika seperti ini jualan saya tidak akan laku. semoga di baca terimakasih",2026-06-16 17:43:56
Jusrin Tasim,5,abdet kmbali,2026-06-16 17:36:13
Suparno Bae,5,bsik,2026-06-16 17:36:00
Arip Ariprajayu,3,Tidak dpt membuka watshaf...karna terhapus,2026-06-16 17:34:09
M CHAIDAR chenel,5,karena hp ngelek,2026-06-16 17:32:11
Abyan Yusuf,5,good,2026-06-16 17:27:53
Rahmalia Putri,1,"ANEH BANGET TIBA TIBA ADA NOTIP MINTA KODE VERIFIKASI DI ABAIKAN TAPI WHATSAPP NYA TIBA TIBA KE LOG OUT SENDIRI DAN UDAH GABISA LOGIN LAGI, PADAHAL UDAH DI VERIFIKASI 2 LANGKAH TAPI GABISA TOLONG DONG KEAMANANNYA INI GIMANA",2026-06-16 17:26:45
Arya Kurnia sulaiman,5,membantu terimakasih,2026-06-16 17:18:12
Otong Thohari,5,mudah mudahan terbuka...,2026-06-16 17:17:24
dede Dede,1,mangkin GK berkualitas,2026-06-16 17:15:15
Dadylie Lie,5,Wsap..n..m,2026-06-16 17:11:20
Fiana Alfiana,5,bagus dan sangat membantu sekali,2026-06-16 17:08:56
Nor,5,baik,2026-06-16 17:07:14
Palala Sumbar,5,bagus,2026-06-16 17:04:29
Ibra pentol,5,bagus,2026-06-16 17:04:01
Indira Maheswari,1,"INI KEK MANA BANG SETIAP VC PANGGILAN GAGAL MULU HERMAN, SEKALI UPDT PASTI JELEK FITURNYA.",2026-06-16 17:02:30
05. Daffa Ezrananda,5,Tolong wa buat fitur biar bisa liat pesan sebelum & sesudah di edit biar tidak terjadi salah paham,2026-06-16 17:01:55
Dewi dewi,5,sibuk,2026-06-16 16:56:43
junaidi nedi nedi,5,ok,2026-06-16 16:55:36
riper akun,1,"apk sampah, udh download lewat playstore masih aja WhatsApp tidak resmi",2026-06-16 16:55:05
Maulana Ardan,1,masa bikin SW sekarang patah patah video nya padahal di video aslinya kagak benerin Napa kita sebagai konsumen terganggu,2026-06-16 16:52:02
Diy Diy,5,saya sangat bersyukur karena adanya aplikasi ini yang sangat mudah digunakan.,2026-06-16 16:51:49
Agung Subekti,4,"ok,sangat membantu sekali.",2026-06-16 16:49:40
Bunda Bunda Belen Belen,5,ada Beberapa,2026-06-16 16:48:28
Jay Lani,5,sip ko,2026-06-16 16:48:17
An Ktp,5,mantab,2026-06-16 16:47:07
Ardan Aras,5,mantap selalu membantu,2026-06-16 16:44:12
Mba Mun,4,"gacor, tp please la grafik sw benerin🥀 sekalian bikin fitur bingakai foto buat pp☝🏻🤓",2026-06-16 16:42:40
Prianus Zay,5,baik,2026-06-16 16:38:46
Cank Indah,5,kenapa WhatsApp sy terganggu,2026-06-16 16:36:02
Evieta Okta,1,di aku WhatsApp nya belum muncul efek/filternya jdi aku sangat kecewa,2026-06-16 16:35:56
Nop Nop,1,"aplikasi apa ini,saya tidak mendapatkan notif ""hallo sayang, selamat pagi sayang,dan saya tidak mendapatkan pap"" bikin kecewa saja",2026-06-16 16:35:25
nazwa pamela,3,WA ADAIN FITUR MATIIN TANDA BACA UNTUK PERORANGAN PLIS KAYA DI IG,2026-06-16 16:29:58
ricky adt,5,Keren semua nya. 🔝,2026-06-16 16:29:35
Fahri Ilham,4,semakin lama makin ngeleg aja wa nya,2026-06-16 16:27:28
Gabriella queeva Badin,3,ini kenapa WA semakin kesini sekedar bikin story WA aja lemot bgt dan ga jarang juga gagal bikin SW????? fitur berbayar di adain malah bikin eror di WA,2026-06-16 16:26:29
Alifian Yoganurbian,1,tolong untuk tim whatsapp saya sudah update namun belum mendapatkan fitur terbaru saat ini,2026-06-16 16:24:51
Hanun Nuralim,5,p whatsapp giman nih aku mau bikin sw tapi vidio ga bisa pencet ga bisa bisa gimana nih perbaiki sekarang juga harus menit ini titik! Terima kasih!!!,2026-06-16 16:24:40
Yeni Anggreini,5,iya,2026-06-16 16:23:08
Agung Voldigoad,1,"udh sv kontak malah ilang lagi, kocak amat",2026-06-16 16:18:04
Yulhaidar Pasadon,5,goog,2026-06-16 16:14:02
billy geo vanny,1,"Karn bagus banget sayang nya memory nya aj, tpi in aplikasinya buagus puollll",2026-06-16 16:14:00
Ali Udin,1,Terr4r emb y yg. E5,2026-06-16 16:09:25
Aisyah humaira Azzahra,5,bagus,2026-06-16 16:08:36
Kay Kayyies,2,"tiap ada yg telpon atau mau nelpon suka otomatis ketolak, bukan sekali 2 kali lagi tpi berkali kali pdhl internet dn sinyal aman aman aja tolong diperbaiki",2026-06-16 16:07:44
La Media,5,Ok,2026-06-16 16:05:02
Ridho Hidayah,1,apa whatsapp ini tiba-tiba kontak hilang nama nya ga jelas tolong di benerkan dulu aplikasi ini,2026-06-16 16:04:46
Yuli Atin,4,"kenapa klo ada pesan masuk nya delay ya ?? org wa nya jam brpa, masuk ke wa aku nya jm brpa, , coba bantu",2026-06-16 16:00:57
15 Gloria Ninda Halasson Situmorang,4,WhatsApp bagus. Mohon ditambahkan fitur mengeluarkan pengikut dari saluran WhatsApp. Terimakasih,2026-06-16 16:00:14
Afrizall Tarigan,5,sangat membantu sekali,2026-06-16 16:00:14
Andika Tuliabu,5,bagus,2026-06-16 15:59:48
Erwin Herdiansyah,5,"Kenapa wa sering di instal terus, jadi nya merepotkan",2026-06-16 15:57:08
Ujang Misbahul,1,"aplikasi nya sering ngebug,masa crush gw bales chatnya malem terus kalo siang centang 1 doang.tolong segera diperbaiki ya bugnya karena ini sangat menyusahkan🙏",2026-06-16 15:53:37
ENAN GIGI STSN,5,whats app saya sudah aktif kembali.,2026-06-16 15:50:44
Aldo Ronal,5,kreen abis mantap,2026-06-16 15:50:15
Ayah Mamah,1,gaada efek buat vc,2026-06-16 15:47:09
Pranco Tank7,5,bagus...,2026-06-16 15:46:53
Salwa Bonita1,5,sangat seru,2026-06-16 15:46:36
Agus Putra,5,Sangat membantu Terimakasih,2026-06-16 15:46:07
Keyla Rahmadhani,4,"tolong jangan beri kan semua fitur jadi premium, terutama chat dan video call",2026-06-16 15:45:37
Firman syah,4,"meta ai nya ngeselin abis!! soalnya kan aku bikin dunia fiksi, niatku mau dimulai dengan normal. ehh malah di mulai dengan monster lah, perang lah, dan naga anjir😭💥",2026-06-16 15:43:17
Imaduddin Yusuf,5,Knp gak bisa kirim rekaman suara,2026-06-16 15:42:47
Duwi Aziz,5,tolong dong masa kau nambahin nomor login tidak tersedia mulu,2026-06-16 15:42:46
Basio 24,3,whatsap terbaru dn peraturan baru,2026-06-16 15:42:19
Melodi Cinta,5,ok,2026-06-16 15:36:22
M Sahrul Yahya,2,Susah sekali untuk update,2026-06-16 15:34:27
ab ab,5,dapat kan daunlowod lebih cepat,2026-06-16 15:33:00
Bimo Fitertika,5,bagus,2026-06-16 15:32:26
Full Margin,1,otp nya mana bangsattt,2026-06-16 15:30:52
Wann Jahh,1,meta gajelas bikin cewe gua makin ovt di buat balasan nya no rekomen deh pake AI nyaaa,2026-06-16 15:30:42
Fendian27,1,"banyak yg meretas sistem dan ngebuat hp orang ngeframe serta kenon nomor orang, tolong diperbaiki lagi sistemnya",2026-06-16 15:29:49
Zahra Amira,5,bgs aku suka,2026-06-16 15:27:58
Jaki n_v,1,chat saya hilang setelah ke log out,2026-06-16 15:27:36
Lody Aang,5,bagus,2026-06-16 15:27:23
Mislan Saenan,5,saya sangat menyukai nya,2026-06-16 15:26:39
elll imuuuppp,2,"WhatsApp kalau aku sedang telefonan jangan dimatiin tiba-tiba dong, masa udah berjam jam langsung dimatiin tiba-tiba padahal kan cuma ditinggal ke apk lain sebentarr",2026-06-16 15:26:28
MUHAMMAD DIFA SABILUL HUDA,4,"baguss,bisaa komunikasi jarak jauh,tapi akhir akhir ini kokk kalau mau mengedit stiker atau buat stiker,hasilnya nge zoom ya? susah di kecilin juga,tolong di perbaiki ya,admin",2026-06-16 15:26:14
Nuno Hougen (ANTO D'KRIBO),4,oke tapi buat hp kentang september WA sudah tidak bisa dipasang diinstal lagi 😭,2026-06-16 15:25:32
Harun Al rasyid,3,bagus,2026-06-16 15:25:30
aidil fitria,5,lumayan lah,2026-06-16 15:23:11
Uwa Kos,5,Sangat berguna sekali untuk komunikasi dengan orang lain,2026-06-16 15:21:33
Seo Ye Eun서예은,5,"kalau bisa, tag sw lebih dari 5 grup",2026-06-16 15:19:49
Khdijah 45,1,"Sering update, menyusahkan yang memo nya dikit",2026-06-16 15:18:57
Irfan Maulana.,1,"Dua kata SANGAT BURUK. aplikasi chattingan yang gak ""waras"" setiap kali upload status videonya di Kompress habis habisan sampai burik! padahal 720p, 30fps, dan size file hanya 20mb. TETAP AJA DI KOMPRESS SAMPE BURIK, DOYAN BANGET SAMA BURIK APA? aplikasi yang sangat useless, menyusahkan, tidak berkualitas. buat stabilitas penyimpanan mah oke tapi sewajarnya aja mas 😂",2026-06-16 15:18:32
Nopry Gazoly,4,luar biasa,2026-06-16 15:18:02
prayogo,1,ngeheng,2026-06-16 15:17:35
wan,1,aplikasi mulai gajelas dikit dikit wa ke ban gada alesan mana tiap minta otp ga ke kirim tolong perbaiki masalah nya saya sudah berbulan bulan mencoba tetep aja ga muncul otp saya,2026-06-16 15:16:38
Khorunnisa Nisa,5,bagus banget aplikasi nya sangat berguna 👍,2026-06-16 15:16:37
Terang senja,2,bagus,2026-06-16 15:13:43
Sukay Amir,5,Whatsapp saya terblokir ga bisa pake nomor whatsapp saya,2026-06-16 15:12:50
RAFI GANZ,5,"Yth. Tim Support WhatsApp Saya ingin menyampaikan masukan terkait fitur kompresi media di WhatsApp. Saat ini, setiap mengirim foto/video melalui Galeri, kualitasnya dikompres sangat tinggi sehingga hasilnya pecah, buram, dan detail hilang. Hal ini sangat mengganggu terutama untuk kebutuhan kerja, arsip, dan dokumentasi. Mohon pertimbangannya",2026-06-16 15:10:26
Aura cantika,5,berguna buanged plis,2026-06-16 15:07:26
Nabila putri,5,Ok,2026-06-16 15:07:20
Hendra Rivaldo,5,assalamualaikum,2026-06-16 15:06:45
Nurul,5,sangat bagus,2026-06-16 15:06:21
Anang Sumardi,5,keren,2026-06-16 15:03:17
Kasimo Kasimo kisi moto,5,I like this,2026-06-16 15:00:34
Bocil epep Fawwas,4,👍,2026-06-16 15:00:21
Gdjssj Hdjfb,1,g suka di hp aku apk ny g ada filter ny pas vc atau apapun pliss munculin filter ny di hp aku,2026-06-16 15:00:04
Ririn Artha,5,baikkk KK,2026-06-16 14:59:25
Helkarat Po,2,hemm dasar apk kebanyakan bug,2026-06-16 14:59:20
Tika Ka,5,sangat senang menggunakan aplikasi ini,2026-06-16 14:55:42
Alvi A,2,"gak suka, kalo bikin status selalu berem",2026-06-16 14:55:06
Rafael Putratitus,5,👍👍,2026-06-16 14:55:00
Nur adilla rezki,5,"hallo aku suka sekali dgn whatsapp, tapi aku mau rekomendasi gimna kalo whatsapp update lagi, kayak tambahin sorotan gituu, supaya sw yg udh kita naekin dlu² dari jaman purbakala bisa kita liat lagii, terimakasii semoga di notice💚",2026-06-16 14:54:36
Asep Sila,4,Good,2026-06-16 14:53:52
Indrinadira Putri,5,plis hapus fitur sekali liat Karena gabisa save foto cowo ganteng,2026-06-16 14:53:37
Marley Ferguson,2,"sekarang kalo bikin status WhatsApp harus pake aplikasi ke tiga biar ngga burem, kocak, dulu ngga gitu",2026-06-16 14:53:37
zhiofdw,1,"This WA can't make the UI like WA on iPhone, on Android it's flat or the animations are so boring, on the Telegram app even though it's on Android it can be like the iPhone chat theme, the UI is good and it's also contagious to the Android app. How come WA can't do it at all?!",2026-06-16 14:51:57
jarjani Aja,5,sangat puas dengan aplikasi ini,2026-06-16 14:48:12
Fiqhi Anugra,5,biasa aja,2026-06-16 14:45:54
Abri Ashari,4,"saya akan menyampaikan ulasan saya yg lama saya simpan: whatsApp nya sering nge bug yg ngebuat hpku jadi nge leg, dan ini bug nya gak biasa sampai hp saya cepet lowbat.",2026-06-16 14:44:31
Kunpayakun 2007,1,semakin lama whatsapp semakin tidak jelas,2026-06-16 14:43:54
Agus Supriyanto,5,Bagus,2026-06-16 14:42:08
Femi Ff,5,aplikasi ini sangat keren,2026-06-16 14:42:05
Agus Dimas,1,kalau udah lali pin jangan dipersulit lah Tod,2026-06-16 14:41:41
restu senjaya,5,baik,2026-06-16 14:40:41
Jake Lin,1,gajelas update update nya nyusahin aja balikin ke awal aj anj nyusahin,2026-06-16 14:40:15
Nanda Ivan,5,"min ini setiker nya ngga bisa di kirim, keterangan nya di suruh update WhatsApp nya sedangkan WhatsApp nya sudah di update gimana nih min minimal di perbaiki kalau ada masalah",2026-06-16 14:39:49
Diko Agung,4,terjadi force close secara terus menerus bagaimana ini,2026-06-16 14:39:30
Naufal Farhan,1,jelek app nya masa aku wa ku gak bisa buka,2026-06-16 14:35:41
Indra Wanto,5,aplikasi nih harus ada,2026-06-16 14:35:18
elara lyra celeste,5,"heem, udah bagus banget kok. omong-omong, whatsapp ku sayang, boleh ga request fitur baruu?? mau request fitur streak di whatsapp, biar aku bisa punya streak juga di whatsapp. pliss ya baca ini dan buatin, aku mau bangettt, itu salah satu alasan buat aku kenapa chat mereka-mereka yang pada dasarnya selalu chat aku duluan, dan bukan aku, jadi, nanti, dengan adanya fitur streak chat ini, aku bakal lebih pede buat chat duluan. tolong dibuatin ya, makasii whatsapp sayang, mwahhh 😳🫰🫰",2026-06-16 14:31:43
Glicherya Carissima,5,Sangat bagus aku sangat suka aplikasi ini,2026-06-16 14:31:09
Tuti Sules,5,Top,2026-06-16 14:30:54
Dan Djailani,5,sangat baik,2026-06-16 14:29:15
Amin Warmin,5,oke,2026-06-16 14:28:32
Wisnuadji Satrio,5,bagus untuk komunikasi,2026-06-16 14:26:21
Regi Sial,1,Tidak bisa mendownload,2026-06-16 14:25:12
Djendral Tobat,5,bagus sekali,2026-06-16 14:24:26
glen nhiarkazkazora,5,kenapa saat saya dengarkan Voice Note atau lagu yg di kirim via WhatsApp itu selalu terkunci layar hp saya dan suaranya ada di speaker pendengar telinga bukan di speaker semestinya.,2026-06-16 14:20:23
Amaaki,3,"status wa dibenerin, masa mau up sw aja malah buram perbaiki dulu lah sana. susah jadinya kalua mau ngeup sw hasilnya buram banget, padahal pas belum dikirim HD sudah dikirim jadi buram. tolonglah admin perbaikan dulu sw itu.",2026-06-16 14:20:01
Will Kiwil Karwil,5,"untuk developer, mengapa saat penghapusan pesan langsung menghapus media di dalamnya? saya pribadi lebih suka fitur yang sebelumnya saat menghapus pesan di sertakan pilihan hapus media atau tidaknya, saya harap untuk update selanjutnya tolong dikembalikan fitur itu karena itu sangat membantu agar tidak memindahkan media terlebih dahulu sebelum menghapus pesan, terimakasih",2026-06-16 14:18:15
Trisno Que,5,sangat bagus,2026-06-16 14:16:35
andi zahora,2,watsafnya jlek kalo lagi pangilam telpon layar mati,2026-06-16 14:16:23
fredrinximozi,5,"udah pake aplikasi ini dari 2018 , buat chat temen temen , chat keluarga yang jauh, suka juga sama vitur VN nya , tapi minusnya kalau buat backup chat , gede banget ukurannya, tapi overall bagus si",2026-06-16 14:16:05
Antonelli Kimi,1,jelek banget sering ngebug,2026-06-16 14:14:46
Syafa Fauziah,5,bisa buat pacaran,2026-06-16 14:13:03
Rafi Al fatah,1,belum ada fitur close friend,2026-06-16 14:12:51
Mega Kejora,5,semoga whatsApp semaki asik dan oke...,2026-06-16 14:12:10
Atom Cell,4,mau fitur arsip setelah bikin story,2026-06-16 14:10:46
Dika Adi Peratama,1,"Ini kenapa dah keluar sendiri terus, aplikasi wa tiba tiba mogok gak jelas, masuk ke wa di pantulin keluar lagi, mohon di perbaiki lagi.",2026-06-16 14:10:20
Rani Marti,5,cukup puas,2026-06-16 14:10:03
Yusup askira,5,baik sekali,2026-06-16 14:09:37
Patmina Patmina,1,dengan menggunakan whatsap bisa saling membantu wawasan dan bertukar pikiran dlm bersilatuh rahmi antara sahabat dan rekan2,2026-06-16 14:09:03
Iphone Kkkkaaa,5,"halow saya mau memberi ulasan aplikasi nya si udah bagus banget cuma kalo misal nya hp nya mati total itu atau cas mati itu dia pas mau buka WA nya tuh harus apdate terus setiap kali mau cas mati pasti harus apdate perbaiki dong supaya hp nya bisa berinteraksi seperti semula lagi ga apdate""terus cape juga tau kalo aplikasi nya ga bisa sesuai dengan kualitas mb. mb nya besar tapi kualitas nya ga sesuai tolong di perbaiki lagi ya aku kasi bintang 5 aja dh biar d baca dan diperbaiki deh aplikasiny",2026-06-16 14:06:55
Muhamad nopal Nopal,5,ia bagus,2026-06-16 14:06:35
Rizky Ramdhani,5,good,2026-06-16 14:06:33
yr715 yr715,3,sekarang wa selalu update sendiri kontak suka pada ilang sendiri,2026-06-16 14:04:53
Hd Krea,5,"wa kont*l apa apaan gw mau scan perangkat tertaut tiba tiba keband,terus g engak ngapa ngapain gak melakukan pelanggaran tiba tiba keband,tolonggg bantu buka band wa saya,saya sengaja kasih ratting 5 biar org org tau",2026-06-16 14:03:05
Jajang Bako123,4,"bagus banget bwat komunikasi keluarga , mkasiih terus tingkat kn",2026-06-16 14:02:50
MARNIATI,5,kurang,2026-06-16 14:02:45
Surya Alam M,5,👎,2026-06-16 14:02:21
Marwah Nurila,4,kok gak ada kunci aplikasi?,2026-06-16 14:00:55
Ai Neni,4,aga butut,2026-06-16 14:00:13
Bumi Bumi,5,best,2026-06-16 13:59:41
Akbar Nurdapa,5,saya udah donwload tapi ga ada yang chet padahal kontak ada 399,2026-06-16 13:58:36
Jamal Meni,1,baju beli hp di online wa sudah kena spam gak bisa di gunakan,2026-06-16 13:58:09
HANZZ BOYSS,5,sudh bagus tapi kurang pas kalo lagi video call gaa ada kaya jendela mengambangnya,2026-06-16 13:57:06
Yantitahalea 25,5,bagus,2026-06-16 13:56:16
Ade Irwan Aryanto,1,buat vc ngebug,2026-06-16 13:56:10
Tio Natan,4,biar bintang yg berbicara,2026-06-16 13:55:14
Nurhaeti,5,Apk WA mmg mbantu kmo,2026-06-16 13:54:01
Devian Payung,5,senang sekali,2026-06-16 13:52:20
stokggnang2,4,udah bagus apk nya tapi akhir akhir ini sering force close sendiri sama ada tulisan tutup aplikasi padahal hp lancar lancar aja tolong segera di perbaiki,2026-06-16 13:51:02
Patan Ae,5,bagus dn ok,2026-06-16 13:50:55
qarib bahr,1,Meta AI DOWNFALL dah gk bisa di gunain error!,2026-06-16 13:50:40
Afdhal Dhal,5,bgus 👍,2026-06-16 13:50:15
Khotimah Mah,4,"bermanfaat tapi, aku ga ada bubble chat nya",2026-06-16 13:49:39
Malika Bintang,5,Bagus,2026-06-16 13:46:53
Piki,5,mantul,2026-06-16 13:45:14
Fitriani Fitriani,5,bagus sangat membantu,2026-06-16 13:44:30
Haikal Adzikri,5,aplikasi ni sangat penting untuk di gunakan sehari,2026-06-16 13:44:01
RADITYA Putra,5,penting buat sehari hari,2026-06-16 13:43:22
Kayai Hengki,3,ok,2026-06-16 13:42:42
Rendii,5,aplikasi ini sangat bagus,2026-06-16 13:42:17
Michael 1602,5,mantap,2026-06-16 13:42:15
Andini Widyasari,1,wa makin kesini malah makin rumit login nya,2026-06-16 13:41:37
ranny puspitasari,5,semua orang pasti butuh WhatsApp,2026-06-16 13:40:36
Fiana Diahsari,2,"mohon maaf admin WhatsApp tolong diperbaiki status wa nya,saat saya buat status dan sudah terkirim di status knpa ya tiba tiba buram dan gak jernih kayak dulu,dan apk nya sering keluar sendiri kadang gak bisa dipencet, tolong di perbaiki ya admin",2026-06-16 13:39:17
Ebul Bae,5,Mantap,2026-06-16 13:39:07
Ivan Herdian,5,baik,2026-06-16 13:38:08
rifki baharrizky,4,Whatsapp kenapa yaa saya install dr playstore nya tapi tidak bisa login di keterangan tidak memakai aplikasi resmi,2026-06-16 13:37:33
Dimasarlodjie,5,Usul admin di status ada musicnya,2026-06-16 13:36:02
Ali Topan,5,puas hati,2026-06-16 13:34:56
Pelangi indah,5,mantap,2026-06-16 13:34:43
Alan Jatmiko,5,mantap,2026-06-16 13:34:12
Agus Sama,5,Oke,2026-06-16 13:33:27
Cahya alin asyifa,1,"tolong normalkan kembali whatsapp seperti dulu,masa iya akun saya dibilang tid resmi padahal saya download dari play store lo",2026-06-16 13:32:17
Nurzazali team86,5,Is okeey,2026-06-16 13:31:49
ipin boongin,5,mantap,2026-06-16 13:29:53
b pangaribuan,5,bagus,2026-06-16 13:28:37
Marufulu Tok,5,keren,2026-06-16 13:27:29
Nursidi Nursidi,4,aplikasi bagus tapi agak kurang jernih suara nya,2026-06-16 13:27:05
Alkhalifi Zikri03,5,bagus,2026-06-16 13:26:29
Raflez Za,5,👍,2026-06-16 13:25:49
Dwi Purwanto,5,sangat bagus,2026-06-16 13:25:24
Kang Gahar,5,baik,2026-06-16 13:24:05
Azwar Ali,5,👍👍👍,2026-06-16 13:23:52
Arfa Akbar,3,"sekarang WhatsApp jadi aplikasi normal yang biasanya aku teleponan, chat, dan juga kirim gambar. namun update kini udh membatasi aplikasi nya dan sudah menghapus fitur yang biasanya aku perlu, termasuk notifikasi tidak tersedia di android 10 teratas. namun mengapa hp ini android 10 tidak tersedia? bukannya di atas 10 dia tak tersedia? kan aneh. ditambah beberapa fitur nya sudah dibatasi atau perlu plus untuk bisa merasakan pengalaman plus, cuman tetap saja, bisa mengurangi konsumen.",2026-06-16 13:23:16
Selvi Dingu,5,WhatsApp messenger sangat berguna,2026-06-16 13:20:46
Erwinsah Erwinsah,5,mengerti,2026-06-16 13:20:44
Muhammad Firdaus,5,bgusss,2026-06-16 13:20:39
Morphine Bjm2013,5,bagus,2026-06-16 13:20:30
Ahmad Subandi,5,Bagus,2026-06-16 13:20:10
Halim Fuad,5,mantap,2026-06-16 13:20:03
Ismail Arifin,5,bagus,2026-06-16 13:19:55
Bilqis Azka,5,aplikasi ini sngt berguna terutama untuk chatan dan keperluan lainnya. no komen deh,2026-06-16 13:16:39
Muhammad Zulfandi,5,makasih banyak ya bro,2026-06-16 13:16:28
Kiron Putra,1,kok eror ya gak bisa buka!,2026-06-16 13:16:21
Sahara Arie,5,semga baik dalam aplikasi ini tidak mengcewakan,2026-06-16 13:15:40
Rasya almahri,1,"update mulu,hp gue udah nggak tahan Jir, memorinya penuh karena update 🥲",2026-06-16 13:15:05
Shine Zibril,1,"jelek, kadang ngebug, jelek banget",2026-06-16 13:14:20
Galang Putra,5,bagus,2026-06-16 13:13:57
upi pratama,5,aplikasi bagus sangat bermanfaat,2026-06-16 13:13:25
Vani Fitriyani,5,aku ingin ngobrol diwhasup,2026-06-16 13:13:10
Muhamad Andam,3,bagus,2026-06-16 13:12:49
ilyas 123,1,saat ini akun anda dibatasi maksudnya apaan ini orang mau pesan baru aja buat wa kok gini mau pesan keadaan mendesak saja tidak bisa gak recommended fitur ini sangat menyebalkan iya benar biar tidak ada spam tapi saya mau pesan gimana iniiiiiiiii,2026-06-16 13:12:48
Yanti Ell009,1,Rahayu,2026-06-16 13:12:04
Febi Ebi,5,sangat baik untuk berkomunikasi,2026-06-16 13:11:55
Rouf Abdillah,1,"gak bisa liat status padahal sudah update yang terbaru, akhirnya unstal terus instal lagi tapi tetep aja gak bisa liat status loading aja padahal sinyal normal bagus. akhirnya pindah whatsapp bisnis dan bisa liat status tanpa loading aja",2026-06-16 13:11:43
Aradea Putra,5,Sangat di butuhkan kenapa di hp Infinix hot 12 plat ga bisa di buka dan kipet untuk memasukan no ga ada,2026-06-16 13:11:19
Shafa Azalia,5,sangatt bagus,2026-06-16 13:07:24
Ri Uga,5,bagus banget dan enak di pakai,2026-06-16 13:07:10
Ratna Amelia,5,baik,2026-06-16 13:06:45
Maman,5,oke,2026-06-16 13:06:33
Sigit Rokhmadi,5,bagus,2026-06-16 13:04:22
Aidil Adha,4,aplikasi yang sangat bagus,2026-06-16 13:04:07
Jilonkkal Longe,5,Hidipkn kembli wa,2026-06-16 13:03:44
Efendi,5,bagus,2026-06-16 13:02:40
Dwi santy Emilia,5,suka,2026-06-16 13:00:30
Dinda 123,3,"akun aku sering kena blokir padahal ngga ngelakuin apa apa, coba bisa jelasin ini bug apa aku yang salah,kemarin aku tuh yang jadi korban penipuan dan aku itu ngga ngerti yang harus aku lakuin apa,dan tolong WhatsApp jangan kira aku pelaku tapi aku korban, aku masih mau chatan sama bapak aku bestie aku dan abang aku,itu terpenting karna aku ldr,jadi tolong WhatsApp jangan kaya gitu,aku cuma ngejelasin,akun aku diblokir ngga cuma sekali tapi 7/8 an tolong diperbaiki jangan sampai aku kehilangan",2026-06-16 13:00:24
Hanum,1,lah gmn sih segala harus premium,2026-06-16 12:58:29
RAFI MUHAMMAD,5,sangat cocok untuk masyarakat terimakasih,2026-06-16 12:57:47
Wilda Brownez,4,"udah bagus tapi minta tolong hapus atau batasi fitur stiker karena banyak aib aib yang di buat bercandaan dan di sebar sebar, fitur tersebut bisa merusak mental seseorang yang di sebar aibnya🙏🙏",2026-06-16 12:56:46
Taufik hidayat Ecep,5,sangat bagus,2026-06-16 12:56:43
Noven Sino11,5,sangat bagus,2026-06-16 12:55:55
Manda Dongo,1,aplikasi pling penting menurut ku tetapi aku memberikan bintang 1 sja karna saya selalu kena spam,2026-06-16 12:54:33
Agus Salim,1,sering terjadi spam blokir WhatsApp tidak bisa di buka mohon di perbaiki serasa tidak nyaman WhatsApp sekarang,2026-06-16 12:53:49
Musa Idung,5,bagusss,2026-06-16 12:52:47
Lia masliah,5,suka bgt tambahin fitur live dong min. hihi,2026-06-16 12:52:28
hidayati suci,4,"developer,mohon ini ada bug ya saya sampai di tuduh ngespam.saat kita kirim chat chat nya gak ke kirim dan temen yang selesai kirim itu gak muncul chat nya,kayak kebeku gitu",2026-06-16 12:51:32
MARSELINO Acel,5,waspada in sangat bguss untuk di gunakan,2026-06-16 12:51:25
Fitria,5,bagus,2026-06-16 12:50:19
M Yusuf,5,Aisar,2026-06-16 12:49:21
Alfian Memes,5,sangat bagus dan relevan .....,2026-06-16 12:49:20
Safira,5,bagus bgt tapi aku nggk bisa kasih ulasannya intinya bagus dan berguna buat sekolah maupun urusan bisnis dan teman.,2026-06-16 12:48:39
Shelyn Paristya,4,"mudah ,simple untuk berbagai aktivitas komunikasi",2026-06-16 12:47:08
Pupun Marpuah,5,sangat lah bagus buat cet cewe cantik atau pun mamah atau pun juga keluarga di rumah,2026-06-16 12:46:17
Rif Diho,5,😍😍,2026-06-16 12:45:54
Fathir Dmr,5,bagus,2026-06-16 12:44:42
Cucun Nurwiani,5,sangat membantu,2026-06-16 12:44:40
Daniel Dwi,1,sering ke ban,2026-06-16 12:43:51
Eka Prasetyo987,4,bagus.tapi sekarang sering eror,2026-06-16 12:42:21
Nurhayati Sinarmatahari,5,saya sangat suka WhatsApp,2026-06-16 12:41:15
Muhammadkayyis rafael,1,"WhatsApp kenapa harus adntinjaun kaya gitu jirrrrr,gw mah nugass ihhh",2026-06-16 12:40:25
Ayhu Figha,1,baik,2026-06-16 12:40:17
Bib,1,kena kenon mulu hama,2026-06-16 12:39:52
ZenithVnd,2,"nomor saya tiba tiba ter banned tanpa alasan jelas, saya tidak merasa melanggar peraturan whatsapp sama sekali, mohon bantuannya",2026-06-16 12:35:38
raehan tarihoran,5,bagus,2026-06-16 12:34:56
naufal azid,5,sangat cerdas,2026-06-16 12:34:34
Risky Risky,3,akun saya terkena spam padahal tidak melakukan pelanggaran apa pun tolong di perbaiki lagi,2026-06-16 12:34:04
Dedek Sahputra,5,bagus,2026-06-16 12:33:23
Fanny Player,5,good,2026-06-16 12:32:27
Pranata Fegaa,1,"Tolong diperbaiki untuk pengaturan notifikasi nya , kenapa notifikasi tidak mau muncul diluar layar , pdhl semua sudah saya atur mode on dipengaturan hp nya , selalu harus buka aplikasi dulu baru bisa muncul , kan gak mungkin aplikasi kita online 24 jam , hal ini sangat kurang memuaskan bagi saya , saya jd tidak bisa santai saat menggunakan aplikasi lain , krna jg kepikiran ada notif wa masuk apa gak , sama2 penting tapi juga tidak bisa stay di 1 aplikasi saja hanya krn notif nya tidak lancar .",2026-06-16 12:31:52
Martel Cilor,5,bagus,2026-06-16 12:31:29
Septa adji Sumarno,5,mantab,2026-06-16 12:31:01
Danang B.A,2,semakin kesini semakin kayak sampah upload strory video pakai musik foto ntah video jadi burik videonya semakin di update jadi kayak sampah,2026-06-16 12:30:26
Dika Gameplay,3,"WhatsApp masih memiliki kendala utama yang belum teratasi hingga saat ini. Setiap kali saya mengunggah foto atau video ke Status, kualitasnya selalu turun drastis alias buram (pecah). ​Padahal, aplikasi ini sudah sering melakukan pembaruan (update), namun fitur untuk mengunggah status dalam kualitas HD masih belum tersedia atau tidak berfungsi dengan optimal. Sangat disayangkan karena kualitas visual menjadi sangat berkurang. Saya berharap pengembang segera menambahkan fitur unggah status HD",2026-06-16 12:27:15
Dwi Genoveva,5,ok,2026-06-16 12:27:12
Trishana_zefanya Vania,3,wa gw sepi min☺️,2026-06-16 12:27:06
Uum Mulyana,5,ok,2026-06-16 12:26:57
usaid Cors,5,ok sip,2026-06-16 12:26:50
Alvino Septian,1,wa sering kenon apaan coba,2026-06-16 12:22:52
nazira febriani,4,ko saya belum ada fitur close friend? cepat berikan saya fitur close friends!!!,2026-06-16 12:22:17
Rahmat Wijaya,2,tidak bisa menerima kode dari mn pun,2026-06-16 12:21:57
Mursyid Pkl,5,"bagus,dan sangat rekomendasi untuk mendonlot apk ini. tapi ada juga negatif nya banyak stiker jomok dan sejenisnya. tapi keseluruhannya bagus👍👍👍",2026-06-16 12:21:34
sari sarwiyah,5,ya ini bagus,2026-06-16 12:20:25
Bot Senzu1,5,"Pihak WhatsApp, saya ada saran untuk Pihak yang berwenang, tolong ditambahin yaa fitur 100x liat foto, jangan cuma dikasih 1x liat doang donggg, Overall sudaa baguss, cuma saran saya tolong tambahin fitur 100x Liat gitu yaa, Termikasih🙏🏻😊",2026-06-16 12:19:34
Laspan,5,bagus,2026-06-16 12:19:31
Irsyad Khoirullah,5,siiiiiiiip,2026-06-16 12:19:28
Angga,5,Sangat Baik,2026-06-16 12:18:07
Zainal Abidin,5,mantaaap,2026-06-16 12:17:57
Roni Roni,4,ok pokoke,2026-06-16 12:17:48
Vivo Y21A,5,aplikasi ini sangat bagus,2026-06-16 12:17:25
kim anissa Sintya,1,"kebanyakan update, noh betulin fitur sw udah HD malah bikin foto/video pecah banget, kalo masih gabisa perbaiki tutup aja udah apk nya",2026-06-16 12:16:33
Dewi Wati,5,bagus,2026-06-16 12:16:19
Kesa Azahra,5,bagus,2026-06-16 12:15:28
Ibukerna Sayang,5,sangat bermanfaat,2026-06-16 12:15:03
Bogel123 Bogel123,5,goblokkk,2026-06-16 12:15:01
Endang Saputra,5,bagus,2026-06-16 12:14:05
Mahesa Birawa,5,Perfect...!!!!!!,2026-06-16 12:11:44
usman cianjur,5,ok,2026-06-16 12:10:22
Yuni Tigan,5,sangat bermanfaat,2026-06-16 12:09:59
Ajat Sudrajat,5,ok,2026-06-16 12:08:27
Am Dedi,5,Saya sangat suka aplikasi ini karena dapat mengirim pesan surel dengan praktis,2026-06-16 12:08:07
Halvi Sukatma,1,kecewa banget,2026-06-16 12:07:33
Alfi Ramadha,5,Bagus,2026-06-16 12:07:24
Melisa Randa Melisa,5,Bisa untuk berbicara bersama teman dan keluarga,2026-06-16 12:06:44
Bone Supardi,5,Aplikasi yang sangat penting dan yang sering saya gunakan,2026-06-16 12:06:29
Acyenk Amomoy,4,saya sangat suka sekali aplikasi ini gays..,2026-06-16 12:06:27
ADITYA EKA S,1,wa bosok mangkel,2026-06-16 12:06:21
Rian Rayyen,1,"gatau kenapa wa skrng kalau pas lagi tlpn/vc sama orang tuh kalau pake data nguras banget, bukannya gk mampu beli data tapi ya gimana ya, masa iya per menit 10mb, kalau 1 jam apa gk 1gb an. dulu gak se nguras skrng, dulu vc/tlpn 1 jam aja paling gk sampai 50mb itu aja udh sangat wort it bagi kami pengguna apk wa ini, jujur saya kecewa dengan pemakaian data yg dipakai buat tlpn/vc atau lain""nya, tolong dibalikkan lagi ke dulu ya dev pemakaian data skrng makin sini makin banyak, terimakasi dev",2026-06-16 12:05:48
P4dil 1st,5,"udah sangat bagus apk ini tpi kenapa ya efek ketika vidio call gaada padahal fitur' udah di nyalain kok masih gabisa, tolong diperbaiki ya supaya suport untuk semua hp efek nya",2026-06-16 12:04:59
Azzahra Ramdania,5,karena sangat penting,2026-06-16 12:03:37
Rentini,3,kalo bisa aplikasi nya jgn sering suru apdet baru lagi kayak aplikasi lainnya udh Download sekali udh gak pakai apdet lagi,2026-06-16 12:03:36
Babang Repa,5,ok bangat,2026-06-16 12:03:36
armeki kajai,5,sangat bagus,2026-06-16 12:03:18
ginaauril,3,"KENAPA TADI TIBA2 ADA NOTIF WA GUE EROR TERUS KAYA INSTAL SENDIRI YA, CHATNYA ILANG SEMUA JIR, GA SUKAA",2026-06-16 12:00:58
Muhamad Zaenudin,1,jaringan jelekk,2026-06-16 11:59:33
khanzaamalia,1,di hp sini nggak bisa ke update sendiri,2026-06-16 11:59:09
Adina Kumalasari,1,WhatsApp terus berhenti padahal udah di update,2026-06-16 11:58:53
rriyadii,1,"aplikasi nya gajelas banget, masa ga ada yang ngechat sama sekali",2026-06-16 11:58:50
Rif Aldi,1,tolong bantuan nyaa WhatsApp saya tidak bisa login karena nomor kartu SIM saya ilangg,2026-06-16 11:58:03
Novian S,1,"saluran nya noh banyak banget konten porno, ga ke filter, parah bgt ini, hati hati para orang tua",2026-06-16 11:56:53
Ariani Wijayanti24,1,fitur whatsapp sekarang jelek gak kayak dulu kalo lagi liat status orang mau slide pindah ke status orang yang lain sering banget kepencet emot stiker yang ada dibawah sampingnya tulisan balas🥲,2026-06-16 11:56:36
aminah ambar,5,bagus,2026-06-16 11:53:28
Ita Mustopa,5,Bagus makasih,2026-06-16 11:52:50
Satria Satria,1,WHATSAPP BIADAP 2 NOMOR TERBLOKIR SEKALI GUS TANPA ADA KETERANGAN. APLIKASI BIADAP SAYA TIDAK INGIN MENGGUNAKAN APLIKASI BIADAP INI.,2026-06-16 11:51:08
Meri Susanti,5,tingkat keamanan akun lebih di Baguskan,2026-06-16 11:50:26
pereng surip,4,Mantap,2026-06-16 11:49:10
Zein Maulana,5,bagus untuk komunikasi,2026-06-16 11:48:31
Niko Saputra,4,baguss👌,2026-06-16 11:48:12
Angkasa Wahdah,5,Aku suka kamu pislah kamu tolang Aku buka wea,2026-06-16 11:48:10
Heruu,1,apk ini tidak bagus no gua kena kenon 4x,2026-06-16 11:46:28
NISMA,5,bagus,2026-06-16 11:45:48
Warno Sumberejo,5,Sangat penting aplikasi ini,2026-06-16 11:45:35
Yong Ng,1,buruk,2026-06-16 11:44:50
Ahmad Muchtar,5,bagus,2026-06-16 11:44:47
Edy Saputra,5,optimal kembali,2026-06-16 11:43:11
mesach budi,1,aplikasi tidak resmi terus,2026-06-16 11:42:52
Parin Ex,5,ciamik,2026-06-16 11:41:28
Herman Man,5,bagus danmenarik,2026-06-16 11:39:13
Ninauki Nina,5,Bagus,2026-06-16 11:34:02
Ersya Nur Arifa,5,mauu ngasih saran bikinin wa ada fitur buat streak sama sorotan napaa jadi lebih kayak bewarna ajaa👀,2026-06-16 11:33:42
M. Nagib Sya'bani,1,karna selalu ada tulusan unduh WhatsApp resmi,2026-06-16 11:32:58
Ferry Hamdani,5,"bagus aplikasinya, tapi harus pakai pembayaran lewat online.",2026-06-16 11:32:31
Bhe Angelih,5,sungu memuaskan terimakasih,2026-06-16 11:31:11
4 Sad,5,mantap,2026-06-16 11:30:31
Tomoro Tooo,1,tidak bisa login tolong pemilik whatsapp,2026-06-16 11:30:30
Keke Keke,5,Ok,2026-06-16 11:29:17
Tia Masyar,1,"saya tidk bisa melakukan VC. ada ket, whatsapp tidak bisa memulai kamera",2026-06-16 11:27:33
Anwari Widodo,5,joss puas banget,2026-06-16 11:27:24
Ramli,5,ok,2026-06-16 11:25:31
Rahman Marlen,4,nice,2026-06-16 11:25:26
Mukhamad Rifqi,1,ngebug di chat terkunci nyaaa heh!,2026-06-16 11:20:56
Lupa Luka,1,😍,2026-06-16 11:19:21
wawa n,5,sangat bagus sekali,2026-06-16 11:17:55
nmila 917,5,Whatsapp sangat bagus,2026-06-16 11:16:52
nursiah aprilia,5,mantap,2026-06-16 11:16:22
dedi Suliswanto,5,bagus dan nyaman,2026-06-16 11:15:53
Reza,5,Sangat penting untuk nelpon orang,2026-06-16 11:14:19
Hilal Putra ramadhan,1,ini kenapa sih dikit dikit ke kenon,2026-06-16 11:12:46
rafa,2,aplk aneh akun sy keluar otomatis pertahanin lg,2026-06-16 11:11:47
Supriyono Priyono,5,sangat bagus,2026-06-16 11:11:30
Ferdydwi Gopeng,3,tidak bisa masuk,2026-06-16 11:11:01
Fathan Rs,1,"akhir"" ini akun whatsapp saya semua ke blokir entah kenapa saya sngt rugi dgn masalah ini, dan paling gong nya akun saya tadi baru saja bisa kembali belum ada 5 menit udh keblokir lagi, saya menggunakan nomer cadangan saya eh malah ke blokir lagi, tolong selesaikan masalahnya",2026-06-16 11:10:38
Sindi Restiani,5,yaaaaaaaaaa baaaaaagussssssss,2026-06-16 11:06:01
Fransiskus Muwa21,5,ya sangat bagus deh aplikasinya,2026-06-16 11:05:50
Sanjaya Saja,4,sangat puas,2026-06-16 11:05:50
nabilaoktafia nabilaoktafia,5,bagus semoga kedepannya lebih banyak fitur dan hemat data,2026-06-16 11:05:24
Tweening,2,"Lain kali adakan fitur hapus chat di saluran orang, memo gw penuh nih gara-gara chat gaje mereka tapi ga bisa di hapus. minimal kalau mau update tuh. bikin kek fitur kek gituan jangan cuman fitur gaje doang yang lu adain",2026-06-16 11:04:50
Mardha Alena,5,Bagus,2026-06-16 11:02:15
Raden arjuna,3,saya kasih 3 bintang krna saya kecewa knpa watshap suka ada pemblokiran smntara?,2026-06-16 10:59:18
Yana Yan,5,pendi,2026-06-16 10:58:36
Wina Yulianti,5,sangat bagus,2026-06-16 10:58:25
sri yuni,4,bagus,2026-06-16 10:57:58
Vinik Vinsensius,4,"bagus sih, mempermudah berkomunikasi, tapi buat jadi bisa mode offline dong(canda braderr)🫪🫪🫪33🫪4",2026-06-16 10:57:55
Wiza Zhara,5,sangat membanggakan apk nya,2026-06-16 10:57:41
Al magrobi Robi,5,nya,2026-06-16 10:57:22
Ae Ar,5,ok,2026-06-16 10:57:02
Arfanul Fadhli,1,"makin kesini makin jelek, mau login akun aja susah bngt",2026-06-16 10:56:16
Isna Nadila,5,ok,2026-06-16 10:55:55
Aksin Berbakti,1,"bug sematkan cht,status disematkan tapi tidak ada tanda sematkan dan itu sudah masuk sematkan",2026-06-16 10:55:02
Rudi Purnomo,5,sya ngk bisa daftar watshap kode otp ngk nonggol,2026-06-16 10:54:25
Nafisah Farhana,5,bagus si buat chat gitu ini penting bgt si,2026-06-16 10:54:15
iin solihin,5,coba dulu balikin akun yg di curi,2026-06-16 10:53:07
Arya Aira,5,sangat penting bagi saya perinadi,2026-06-16 10:52:33
Raden Sutarno,5,lumayan,2026-06-16 10:51:41
Davin Iqbal,5,"Bagus banget, Tapi Tolong Updatenya Buat Grup Yang Bisa Lebih dari 1024 Orang Ya. at Least 2048 Orang, Soalnya Aku Mau Masuk Grup Sangat Besar Tapi Kepenuhan Sudah Mencapai Batas 1024 Orang",2026-06-16 10:50:09
madina nadinndutt,5,"so' an bikin wa plus, grafik sw aj ngeblur/burik minimal urusin dlu deh",2026-06-16 10:44:46
Wiwik Hudayati,5,bagus,2026-06-16 10:41:11
M ilyas ilyas,5,mantap,2026-06-16 10:40:56
Render Gaming,1,terdapat bug pada last seen,2026-06-16 10:40:44
Andry Sani,3,ok,2026-06-16 10:39:53
Cahaya Sakinah,5,"bergunaa bnhett, wlau kdangg adaa bug",2026-06-16 10:38:53
Mojani Mojan,5,sangat membantu,2026-06-16 10:38:13
Samsung A4e,5,karena asik,2026-06-16 10:37:47
ALEXANDER DINSOS PROV KALTENG,1,kejam,2026-06-16 10:36:45
Natasya Silitonga,5,bagus dan menyenangkan,2026-06-16 10:36:40
Widodo Cahyono putro,1,kok gak ada tulisan buka,2026-06-16 10:36:30
Rina apriyani,5,"pengen hapus apl ini karna cape min execited sendiri mulu kek gada harga dirinya gue, tapi disisi lain juga butuh buat keperluan sekolah🤡 btw ini aplikasi update mulu perasaan 😮‍💨😮‍💨",2026-06-16 10:36:08
Aa Gz,5,Yay waspo kuy,2026-06-16 10:34:03
Sumardin susanto,5,puas,2026-06-16 10:31:29
Ayu Nilam Safitri,1,Tambah fitur HD untuk video dan foto juga buat dijadikan status. digaleri bagus buat status video burik.,2026-06-16 10:30:51
Sah Roni,5,sngt mmbantu,2026-06-16 10:30:48
sikecil Chahyo,5,"memang WhatsApp yang familiar, tetaplah kasih bintang 5, ok. salam",2026-06-16 10:27:14
Mateos Lema,5,"bagus aplikasi ini,saya selalu gunakan sehari hari karena sangat mudah berkomunikasi",2026-06-16 10:26:56
Kuncoro Jefri,1,"ga ngelakuin apa apa tiba"" ke kenon",2026-06-16 10:25:23
Cebol Cibil,5,Good luck teruskan aplikasi terbaik di dunia,2026-06-16 10:25:11
M Anggis,5,mntap,2026-06-16 10:23:11
Ahmad Pramuja,4,bagus tapi ada kendala ya itu di bise mengesave nomor orang lain,2026-06-16 10:22:12
Udin Kutang,1,banyak bug,2026-06-16 10:21:28
Risal Ramadani32,2,ga jelas wa nya tiba tiba wa sya kekenon,2026-06-16 10:21:13
Suparno SUPARNO,3,aplikasi sering bermasalah dibhp saya sering update tiap hari.,2026-06-16 10:21:01
LUKAS Sadan,1,aplikasinya ke telek,2026-06-16 10:19:54
Ismi Maulidy,5,great app. easy to chat with everyone. thank you,2026-06-16 10:18:40
Alifa Zea,3,"setiap nulis caption, pas kegeser dikit langsung ilang, bug nya juga banyak tolong di perbaiki🙏🏻.",2026-06-16 10:18:38
Yong Pandi12,1,bagus,2026-06-16 10:16:48
keminah,5,mantap,2026-06-16 10:14:42
Marki Marki,5,sangat bermanfaat ko,2026-06-16 10:10:08
santana nugraha,5,bagus,2026-06-16 10:09:48
Arip Cutiks,5,bagus,2026-06-16 10:07:37
Kim Anjani,5,Susah jaringan mohon di perbaiki,2026-06-16 10:07:13
Warno Warno,5,ok,2026-06-16 10:06:23
Hana Prasetyo,5,KEREN BGTT SUKAAAA,2026-06-16 10:03:07
Mardika Ninefor,5,"tolong agar Pustaka music diperluas lagi dengan mengintegrasikan youtube sebagai acuan agar lagu yang tersedia untuk posting ""status"" lebih lengkap.... jangan lupa tolong tambah durasi posting status... terimakasih",2026-06-16 10:02:39
Risa Nuralena,5,baguss bangett,2026-06-16 10:02:23
Paris Ganteng,3,"sering bug gabisa nelfon, tolong di perbaiki",2026-06-16 09:58:10
Dakron Panji,5,jujur keren banget sih bisa mengecat teman di sini 👍,2026-06-16 09:57:56
Raihana Atiqah,5,bgus.,2026-06-16 09:57:41
Firda Anggrainy,1,kita sembunyikan dari si A ehh malah ngeliat gimna si wa sekarang ko jadi aneh banget. tambah kesini tambah hancur ini aplikasi sumpah,2026-06-16 09:56:17
Surya 123,5,👍👍👍👍👍👍👍👍👍,2026-06-16 09:56:07
Yuda Aprizal,5,okeeeeeee,2026-06-16 09:55:31
Alexander Purnama,2,"kenapa sekarang muncul ""mulai mengobrol"", harus d close satu satu dan selalu muncul lagi. kembalikan ke versi lama!",2026-06-16 09:51:59
mang otong,5,Ok,2026-06-16 09:51:47
iin ziyadatur rohmah,1,"aneh gabisa login, macet mulu padahal sinyal aman, buat aplikasi lain lancar² banget tuh! stress banget gabisa login!!!",2026-06-16 09:48:55
Angga Iqbal rianda,1,"aplikasi sampah, banyak bug, banyak lag, udh rilis lama tpi masi banyak bug gak jelas",2026-06-16 09:47:52
Indra Pratama,5,kenapa Whatsap saya mental mental terus setiap saya buka aplikasinya. tolong dibantu,2026-06-16 09:45:41
Auril Aprillea,5,Bagus banget aplikasi nya,2026-06-16 09:45:22
Nunuk W,5,"andaikan bisa live, pasti lebih bagus",2026-06-16 09:43:07
Sakurysn,5,sangat buas hati,2026-06-16 09:41:24
Andi setiawan Setiawan,5,ok,2026-06-16 09:39:38
Deni Setiawan,5,Alhamdulillah sangat mendukung dengan aplikasi ini,2026-06-16 09:39:02
Arjuna,5,sangat bagus,2026-06-16 09:38:22
Achim Tihu,5,mantap,2026-06-16 09:37:59
darwin990,5,bagus,2026-06-16 09:34:58
Ardiansyah mardianArdiansyah Ardiansyah07,5,ok,2026-06-16 09:28:59
Sherleen Freverika,1,"udah hapus nomor kontak dari hp dan udah hapus riwayat seluruh chat masih aja ke simpen, minta bantuan ke wa nya langsung jawabannya ga jelas ga nyambung ga ngasih solusi.",2026-06-16 09:27:30
Abraham Syakif,5,Good,2026-06-16 09:27:04
Luckyy RICH 755,1,TOLONG PERBAIKI KUALITAS HD VIDEO STATUS NYA DONG..SAAT SAYA MAU POSTING STATUS SLALU BLUR..BANYAK KELUHAN ORANG AKAN HAL INI..ITU AJA KELUHAN SAYA..KARNA ZAMAN SKRG STATUS WHATSAPP ITU LEBIH PERLU..,2026-06-16 09:26:38
Haryanto Ato,5,ok,2026-06-16 09:24:54
Andi koko prambuana Koko,5,bagus,2026-06-16 09:24:52
PRATIKO WINATA,5,ok,2026-06-16 09:23:40
Baso Grab,5,bagus,2026-06-16 09:23:11
Mustika Naira,3,kenapa whatsapp aku bermasalah? aku tidak suka.,2026-06-16 09:23:10
Rodinah Dina,1,kenapa saya tidak bisa mengunakan WhatsApp?,2026-06-16 09:22:39
rifqi rayndra,2,sumpah mending lu jernihin kualitas status,2026-06-16 09:22:30
Zaki,5,sangat bermanfaat,2026-06-16 09:22:29
Nugie Nugroho,5,min tambahin fitur kayak api atau strekk gitu lo min biar seru,2026-06-16 09:21:05
yulia tarihoran,5,tooong dulu perbaiki big di wa Saya,2026-06-16 09:21:03
Umarlim __,5,"terimakasih WhatsApp, apk ini sangat bermanfaat banget untuk saya.",2026-06-16 09:20:29
Bang Palai,4,"tolong WhatsApp sekarang akun tiba"" ke ban tanpa sebab",2026-06-16 09:15:50
Muhammad Dani,5,"bagus, dan Terima kasih",2026-06-16 09:13:58
Abid Syamil16,5,boh pokok penak,2026-06-16 09:13:49
Af Rizal,4,"tidak ada fitur filter di wa ini, ga tau eror kenapa, tapi sebelum nya ada padahal udh update juga",2026-06-16 09:13:34
Jiyo Javas,3,ini kamapa ada yg spam saya lansung kenon,2026-06-16 09:10:48
asya salsa,3,justfriend ku g bls chat ku,2026-06-16 09:10:34
Sri Sekar Wahyu Ningsih,1,"Tiba-tiba logout dan pas masuk loading sampai seharian, setelah bisa masuk semua chat, file, foto video hilang semua bahkan yang sudah tersimpan ke dalam galeri. pliss kenapa sih begini? adakah solusi dari WhatsApp? padahal sudah dicadangkan tapi pas masuk tidak ada semuanya.",2026-06-16 09:10:30
Ekkek Ekkek,5,baik,2026-06-16 09:10:25
Kribbow 96,3,"tolong hilangkan stiker kodok di whatsapp istri gw,, gw benci kalo dia udah pake stiker kodok",2026-06-16 09:10:00
aura agustin,1,jelek,2026-06-16 09:08:21
scaaza roban,1,"woi ni wa gampang banget error gk bisa di buat call, developer maksudnya gimana ini gk langsung dibenerin nih? nunggu di kritik dulu dan dibiarin gitu aja?",2026-06-16 09:07:45
Yann Yann,1,udah download versi resmi tapi tetep gak bisa masuk,2026-06-16 09:04:30
akun sg matel max1,3,"saran saya mending kasih fitur hd kayak mau kirim video foto ke sw brapa hd nya, soalnya itu menggangu sekali njir udah di bikin hd pas di post di wa doang langsung burik, dah itu aja gausah kebanyakan update itu aja dulu betulin",2026-06-16 09:04:09
Davis Turner Davis Turner,5,"Aplikasinya udh bagus, cuman pas kita mau buat story malah buram tolong di perbaiki lagi dong biar gak buram, soalnya foto/video kita udh hd ehh... pas buat story di WhatsApp malah ngeblur/buram",2026-06-16 09:03:44
sungguaritonang ariozz,5,bagus,2026-06-16 09:02:58
Itaa Ita,5,bagus untuk keperluan,2026-06-16 09:02:58
windarasgl syyff,4,"banyak bug apalagi bug sematin kontak orang,suka tbtb gabisa di lepas sematannya tolong perbaiki!!!!",2026-06-16 09:01:37
Gusttar Antonio Futra,3,"udah nunggu sampe 2X update, masih tetep aja gak bisa upload video di status, bahkan rekam video langsung di status juga tetep gak bisa, ngirim video ke kontak juga gak bisa.",2026-06-16 09:01:24
Winda Kristia,5,tingkatkan,2026-06-16 09:01:12
Bayu Eko baskoro,5,"apa si tiba"" wa nya ga bisa di bukak akun anda di batasi orang ga ngapa ngapain juga !!!!",2026-06-16 09:00:41
Muhammad dzaki Hermawan,5,bagus sekali,2026-06-16 08:59:31
Lasma Dewi,5,saya sangat suka,2026-06-16 08:58:37
Riski Ramadan,4,untuk wa temen,2026-06-16 08:57:32
Pengguna Google,4,aplikasi menarik,2026-06-16 08:57:24
Yasri Putri,5,sangat baik,2026-06-16 08:57:13
Diana Hannah,3,"sejauh ini pemakaian oke oke saja tapi ada beberapa fitur yang tidak bisa diakses (seperti icon filter animasi) meskipun sudah sering di upgrade aplikasinya di hp samsung A13, mohon tindaklanjutnya terima kasih atas perhatiannya",2026-06-16 08:56:55
Imut Cantik,5,sangat berguna,2026-06-16 08:54:06
rido saputra2010,5,mantap,2026-06-16 08:53:24
Rivan Bromo,1,kenapa akun whatsapp saya butu ditinjau,2026-06-16 08:52:41
siti titi hidayah,4,"bagus sih WA nya. tapi mau kasih masukan dong, di WA adain fitur call atau vc yang bisa di matiin gitu kayak di TELEGRAM. jadi ga semua orang bisa sembarangan call soalnya risih. jadi kalo mau call izin dulu gitu baru di nyalain fiturnya biar bisa call.",2026-06-16 08:51:57
Alfian Setyawn,2,sekarang udah ga bisa nonton film 🤭,2026-06-16 08:49:31
Yunus Lana,5,Okelah,2026-06-16 08:49:23
Najwa Zahra,4,kurang,2026-06-16 08:46:53
tirta andhika,5,tolong di kasi filter punya saya gak ada filter nya,2026-06-16 08:46:19
Surya Cell,5,sangat bagus tlg untuk masuk whatsapp nya saya gak bisa tlg di bantu min,2026-06-16 08:44:13
Setiawan Nawaw,5,ok,2026-06-16 08:42:33
Selsy Narajingga,5,Good application and recommend for comunication with many people,2026-06-16 08:41:21
Kandangan 123,5,Oke lah,2026-06-16 08:40:00
Anonymously 1956,1,"hilangkan komunitas, percuma kalo fitur search ga bisa digunakan untuk mencari nama komunitas",2026-06-16 08:39:42
Bu aji Bu aji Santoso,4,bagus banget,2026-06-16 08:39:32
Fakih Sm,5,bagus sekali,2026-06-16 08:38:35
Immanuel Hotma Pintor,1,menggapa No saya di spam,2026-06-16 08:38:23
Doni Setiawan,5,aplikasi nih sangat penting untuk komunikasi,2026-06-16 08:37:58
Pait,1,baharudin,2026-06-16 08:36:34
Warnida muin,5,sangat baik,2026-06-16 08:36:28
Hilda Nazla,1,"aplikasi ny udah bagus cuma dari aku ai yang banyak pilihannya m itu harusnya tetep adain soalny aku sukaa bgt banyak pilihan ai nyaa lucu lucu dan ada yg ngeselin jugaa, tolong dong meta supaya di adain lagii, biar ga monoton juga sm meta ai melulu aku kasih bintang 1 dulu yaa supaya cepat dibenahi, yg lainnya klo kalian sependapat sm aku pliss like komenku supaya cepet di adain lgi sm meta☺️",2026-06-16 08:36:14
Nyayu mayang Fadma,5,sangat bagus,2026-06-16 08:36:06
Aqua Galon,1,"woi min kenapa di blokir lagi akun whatsapp ku, buka blokirannya min",2026-06-16 08:35:13
Siti aisyah Aisyah,5,baguss dan bermanfaat 💯💯,2026-06-16 08:33:31
Mei lana Saputri,2,Tolong WhatsApp kenapa nomer saya kena tinjau terus skrng malah ngga bisa masuk .. padahal ngga ngapa ngapain kenapa skrng jadi gini si,2026-06-16 08:30:48
Agung Septian,5,the best,2026-06-16 08:30:42
Azka Aditama,5,tambahin riwayat status dong😭 pengen liat status pertama saya,2026-06-16 08:28:39
Azzoya,5,ok,2026-06-16 08:28:25
Anak Abah,5,Baguss ap nyaa,2026-06-16 08:27:11
Queen Za,1,aku belum punya no wa dan kartu,2026-06-16 08:24:15
Andrea Rendi,5,Sangat berguna bagi kehidupan,2026-06-16 08:22:40
Nila Karnila,5,semenjak menggunakan whatsapp video call dengan keluarga yang jarak jauh jadi lebih mudah apalagi bagi orang seperti aku yang merantau,2026-06-16 08:21:03
Muhammad Attar,5,akun WhatsApp messenger membantu dalam proses penggunaan komunikasi,2026-06-16 08:15:54
Syauqi,4,Ckp Baik,2026-06-16 08:15:38
Indah Septia,5,berguna,2026-06-16 08:14:53
Raxx Ambon,1,aplikasi nggak jelas,2026-06-16 08:14:51
Azzam Attar Arrofi,5,karna ada pacar gua,2026-06-16 08:14:45
Dra Saputra,5,seru,2026-06-16 08:13:35
Herwansyah,5,cuma ada kendala ketika nlp sinyal 4g nya sering hilang,2026-06-16 08:12:51
Irfan nur raif,5,tolong grafiknya wa di bagsuin lagi jadi 3D biar bagus,2026-06-16 08:12:38
O Zan,5,BIKIN SW GAK ADA SUARANYA,2026-06-16 08:10:35
Hasmi Hamid,5,bagus,2026-06-16 08:07:39
Galaxy M10,5,sangat membantu,2026-06-16 08:06:15
Diki Diki,1,"udah lah update nya memo gw udah hampir penuh,tiap mau update gw harus bersih bersih dulu jadi plis jangan update lagi💔",2026-06-16 08:05:13
rian Warnita,4,kenapa saya kasih binatang 4 di karenakan apa² harus ada bacaan unduh jadi nya saya kesal,2026-06-16 08:05:04
Puteri Keisya Habibah,3,fitur untuk mencari saluran nya kurang lengkap,2026-06-16 08:04:45
hamdan_m18,1,udah ada 5 hari stts whatsap ga ada yang muncul,2026-06-16 08:02:47
Pur Keyanin,2,"apk nya bagus, berguna jga TPI tolong dong Adain fitur no miror untuk vc, itu berguna banget buat yang ga pede kamera belakang.. untuk fitur miror itu kaloo bisa jangan berbayar.. btw maaf kalo baru ngasih bintang 2 karna aku mau banget ada fitur no miror di vc, kalau sudah ada fitur itu mungkin bintangnya bisa ku ubah jadi 5..🙏",2026-06-16 08:02:42
fanyamawa a,4,👍,2026-06-16 08:01:49
Hikmat Mat,5,bagus banget,2026-06-16 07:59:01
Andi Nursyamsuddiah,5,"sangat membantu dalam berkomunikasi antar person penggunanya sangat baik aplikasi ini, Terima kasih",2026-06-16 07:58:58
Marthen Durandt,5,suka,2026-06-16 07:55:39
Arifatul Kh,5,ok,2026-06-16 07:53:12
Fani Adelia,5,aplikasi nya bagus,2026-06-16 07:52:27
Alvian Ahmat Alvian ganz,5,akun WA sya terkena riset,2026-06-16 07:51:28
Naira Dwi adli ramadhani,5,seru,2026-06-16 07:51:06
Andri Bocil,5,ok,2026-06-16 07:49:20
rivan putra,2,"jujur agak kecewa, fitur emote reaksi ngeselin mau itu dipesan / status, setiap kali mau unduh Poto di grup kerja muncul Mulu ni emot, coba gmn klo tuh emote kpncet haha/marah???...anj hilanginnnn lah ni emote gagunaaaa sumpaahhh",2026-06-16 07:49:04
herbin sidauruk,5,ok,2026-06-16 07:49:02
Nono Sumarno,5,bagus,2026-06-16 07:47:28
Azka Cvepo,5,kerennn,2026-06-16 07:46:26
Agus Munif,5,"aplikasinya payah lama""",2026-06-16 07:45:04
Putra Hamaqi,1,"saya tukang kurir pket gimana chat customer duluannya,sekali dua kali chat duluan pasti kena limit jam mana lama,",2026-06-16 07:43:18
genis yuniar chanel,5,Good,2026-06-16 07:43:04
topan parapat,5,good,2026-06-16 07:42:26
Mela Yuharma,5,baguss,2026-06-16 07:42:18
mika aprilia,1,ga bgt,2026-06-16 07:39:50
Samberto Cepu,5,really good,2026-06-16 07:38:50
Kiano dwi,2,Tolonglah admin setiap saya mau ferivikasi GK bisa tiba tiba ada tulisan nomor belum terivikasi,2026-06-16 07:37:49
Alfiah,5,"Halo admin WhatsApp,saat ini akun WhatsApp saya diblokir saya merasa ini kesalahan sistem WhatsApp mohon untuk ditinjau kembali akun saya dan segera menyelesaikan masalah ini agar bisa digunakan kembali karena sangat penting. terimakasih",2026-06-16 07:35:39
Andri Fardian,5,"kenapa sekarang kok muncul aplikasi WhatsApp Plus y. kalo saya browsing di google apk ini pihak ketiga ( Tidak Resmi ). mungkin dari pengguna WA ada yang sama seperti saya. ketika buka WA, klik pengaturan. kolom paling atas ada tulisan LANGGANAN, lalu klik tampilan keluar berlangganan Whatsapp Plus. apa mungkin akun dan nomor sedang di bajak.",2026-06-16 07:34:30
Misran Manalu,5,sangat bagus mantap jozz🥰👍👍,2026-06-16 07:34:09
Hadi Supriatna,5,ok,2026-06-16 07:34:03
Niatin Tin,5,sukaa bagusss,2026-06-16 07:31:45
adelia DA,5,suka,2026-06-16 07:25:25
adulxx44,5,Wah bagus banget,2026-06-16 07:24:09
Zainal Arifin,5,bisa terhubung,2026-06-16 07:22:37
M Ali,5,aku suka wa,2026-06-16 07:22:13
Regina Yatasa,2,susah login anying,2026-06-16 07:20:55
H Hi,5,sangat bermanfaat sekali,2026-06-16 07:20:37
Nurul Huda,5,bagussss,2026-06-16 07:20:01
Gagah •arya,5,Kalo gabut bisa chat an walau gada yang ngchat,2026-06-16 07:18:22
Ahmad Dwi rendy,1,suka keluar keluar sendiri BODOHHH,2026-06-16 07:17:20
Jaene Octavia,1,META AI NYA SUKA ERROR JIKA KITA BERLAMA LAMA BERCERITA TENTANG IMAJINASI PENGALAM YANG BURUK.,2026-06-16 07:16:45
zeus kaki,5,Bisa membantu untuk keseharian nya,2026-06-16 07:12:10
Ani Sulistin,1,Karna kadaluarsa syaa tdak bisa wa mama sya,2026-06-16 07:05:45
Terserah Dirimu,5,mantap tapi tambah kan pitur lain biar lebih bagus🧐,2026-06-16 07:05:45
Triple Tween,5,bagus aplikasinya,2026-06-16 07:05:17
Infinix Hot12i,5,sangat bagus dan berguna,2026-06-16 07:01:50
Donda Nababan,5,yas,2026-06-16 06:57:27
helmi akbar huda,5,oke,2026-06-16 06:55:46
Rio putra,5,bagus,2026-06-16 06:55:11
Muhammad Yahya,5,bagus,2026-06-16 06:54:36
Lela Lelaa,5,filter di WA saya nga jadi walaupun udh di ijinin ih ini wa knp sih,2026-06-16 06:53:56
Ilham Alwi,5,tolong bantu dong sya tidak bisa melihat setatus orang,2026-06-16 06:53:51
Moko Kosasih,5,mantap,2026-06-16 06:53:02
Jonius Lase 01,1,buruk,2026-06-16 06:49:56
sumi suminah,5,Bagus sya sering pake aplikasi nh,2026-06-16 06:48:53
Saputra,5,Bagus,2026-06-16 06:48:34
Yustita Helakurnia,1,bug story orang tidak munculll anehh masa diwa gak ada story orang 1 punnnn,2026-06-16 06:47:32
Septiana Nurul khofifah,2,"skrng jadi gmna,,soalnya pesan yang diarsipkan jadi di bawah trus kalo mau chat dri kontak yg diarsipkan tb' ga kearsip trus kadang ilang juga jadi hatus ngetik sendiri kontaknya,bukan gmna' tpi kalo yg diarsipkan itu biasanya privasi tpi klo tiba' muncul di chat terbuka kan ga lucu,, tolong dong perbaikannya",2026-06-16 06:46:19
Nuril Fikriyah,5,"sangat membantu, apk nya baguss",2026-06-16 06:44:08
Cinta Embun,5,jos sip..m,2026-06-16 06:43:15
asuan andreani,5,sangat membantu publik?,2026-06-16 06:42:46
Yulizar Fadli,4,"Tolong akun saya kena spam tolong perbaiki ,terima kasih",2026-06-16 06:40:07
Yulia Setyaningsih,1,"Sekarang suka logout sendiri terus mau masuk pakai nomer yg sama katanya sudah masuk ke perangkat lain, Emang bikin jengkel, kan di wa banyak chat2 pekerjaan penting, Tolong di bantu ya pihak WhatsApp di perbaiki lagi",2026-06-16 06:36:28
Bluee,2,"Lebih buruk dari WhatsApp unofficial / WhatsApp mod. Kenapa? Dari kejernihan foto dan vidio saat upload di status benar-benar kacau, sementara WhatsApp mod lebih baik dalam pengaturan kejernihan status. Emang secara pemakaian data lebih menguras, tapi itulah kenyamanan, pastinya ada harga yang harus dibayar. Fitur WhatsApp mod lebih advance dari versi originalnya, bahkan kebanyakan orang menyebutnya masa depan WhatsApp",2026-06-16 06:34:50
dedek april,5,"bagus, sangat baik",2026-06-16 06:32:38
M. Asrul Spd,4,baik,2026-06-16 06:31:13
Isti yuli Ariyansyah,5,Baik,2026-06-16 06:27:10
Giovan,5,bagussss banget,2026-06-16 06:26:57
Rengoku kyoujurou,2,g jelas ngirim foto dan video g bisa padahal internet bagus bagus aja,2026-06-16 06:26:43
wahidin syahdu,5,b ajah,2026-06-16 06:26:29
adi p,5,"mantab tinggal tampilan depan wa ada walpapernya sama fitur chat nya ada mode transparan gitu udah makin keren mirip w.a mod semoga masukan ini di terima jadi bahan upgrade selanjutnya agar tampilan whatsapp makin keren tambah lagi gelembung obrolan transparan min dan tema obrolan juga transparan biar makin cakep ,makasih",2026-06-16 06:26:01
Hanifa Hanifa,4,"sebenernya udah bagus aplikasinya aku suka bgt, cuman karna gw gk ada temen aja di whatsapp, aku mohon buat yang cari temen di whatsapp langsung aja kalo saran aku sii, soal nya gk ada yang chat aku",2026-06-16 06:18:15
heru prasetyo,5,baik,2026-06-16 06:17:39
Suparmi Agustinus,5,sangat membantu,2026-06-16 06:17:15
azzam haneef cahyo nugroho,1,saya ingin meminta tolong kepada whatsapp untuk membantu saya karena nomor saya yang ingin saya loginkan malah ada tulisan harus memakai whatsapp resmi padahal saya sudah menggunakan whatsapp resmi dan saya harus menunggu 24/48 jam untuk mendapat kode verifikasi lagi dari sms jadi tolong perbaiki lah aplikasi whatsapp agar kita semua bisa memakainya dengan aman tanpa adanya hambatan,2026-06-16 06:15:43
